gid_1,name_1,type_1,hasc_1,name_1_norm,n_provinces
SAU.1_1,'Asir,Minṭaqah,SA.AS,asir,17
SAU.2_1,AlBahah,Minṭaqah,SA.BA,albahah,9
SAU.3_1,AlHududashShamaliyah,Minṭaqah,SA.HS,alhududashshamaliyah,4
SAU.4_1,AlJawf,Minṭaqah,SA.JF,aljawf,4
SAU.5_1,AlMadinah,Minṭaqah,SA.MD,almadinah,9
SAU.6_1,AlQassim,Minṭaqah,SA.QS,alqassim,12
SAU.7_1,ArRiyad,Minṭaqah,SA.RI,arriyad,24
SAU.8_1,Ash-Sharqīyah,Minṭaqah,SA.SH,ashsharqiyah,11
SAU.9_1,Ḥaʼil,Minṭaqah,SA.HA,hail,9
SAU.10_1,Jizan,Minṭaqah,SA.JZ,jizan,17
SAU.11_1,Makkah,Minṭaqah,SA.MK,makkah,17
SAU.12_1,Najran,Minṭaqah,SA.NJ,najran,7
SAU.13_1,Tabuk,Minṭaqah,SA.TB,tabuk,7
