gid_2,gid_1,region_name,province_name,type_2,province_norm,province_norm_strip
SAU.1.1_1,SAU.1_1,'Asir,Abha,Muhafazah,abha,abha
SAU.1.2_1,SAU.1_1,'Asir,AhadRifaydah,Muhafazah,ahadrifaydah,ahadrifaydah
SAU.1.3_1,SAU.1_1,'Asir,Al-Namas,Muhafazah,alnamas,namas
SAU.1.4_1,SAU.1_1,'Asir,AlBirk,Muhafazah,albirk,birk
SAU.1.5_1,SAU.1_1,'Asir,AlHarjah,Muhafazah,alharjah,harjah
SAU.1.6_1,SAU.1_1,'Asir,AlMajardah,Muhafazah,almajardah,majardah
SAU.1.7_1,SAU.1_1,'Asir,Balqarn,Muhafazah,balqarn,balqarn
SAU.1.8_1,SAU.1_1,'Asir,Bareq,Muhafazah,bareq,bareq
SAU.1.9_1,SAU.1_1,'Asir,Bisha,Muhafazah,bisha,bisha
SAU.1.10_1,SAU.1_1,'Asir,KhamisMushayt,Muhafazah,khamismushayt,khamismushayt
SAU.1.11_1,SAU.1_1,'Asir,Muhayil,Muhafazah,muhayil,muhayil
SAU.1.12_1,SAU.1_1,'Asir,RijalAlma,Muhafazah,rijalalma,rijalalma
SAU.1.13_1,SAU.1_1,'Asir,SaratUbaida,Muhafazah,saratubaida,saratubaida
SAU.1.14_1,SAU.1_1,'Asir,Tanomah,Muhafazah,tanomah,tanomah
SAU.1.15_1,SAU.1_1,'Asir,Tarib,Muhafazah,tarib,tarib
SAU.1.16_1,SAU.1_1,'Asir,Tathlith,Muhafazah,tathlith,tathlith
SAU.1.17_1,SAU.1_1,'Asir,ZahranAl-Janub,Muhafazah,zahranaljanub,zahranaljanub
SAU.2.1_1,SAU.2_1,AlBahah,AlAqiq,Muhafazah,alaqiq,aqiq
SAU.2.2_1,SAU.2_1,AlBahah,AlBahah,Muhafazah,albahah,bahah
SAU.2.3_1,SAU.2_1,AlBahah,AlHajrah,Muhafazah,alhajrah,hajrah
SAU.2.4_1,SAU.2_1,AlBahah,AlMakhwah,Muhafazah,almakhwah,makhwah
SAU.2.5_1,SAU.2_1,AlBahah,AlMandaq,Muhafazah,almandaq,mandaq
SAU.2.6_1,SAU.2_1,AlBahah,AlQari,Muhafazah,alqari,qari
SAU.2.7_1,SAU.2_1,AlBahah,Baljurashi,Muhafazah,baljurashi,baljurashi
SAU.2.8_1,SAU.2_1,AlBahah,BaniHasan,Muhafazah,banihasan,banihasan
SAU.2.9_1,SAU.2_1,AlBahah,Qilwah,Muhafazah,qilwah,qilwah
SAU.3.1_1,SAU.3_1,AlHududashShamaliyah,AlUwayqilah,Muhafazah,aluwayqilah,uwayqilah
SAU.3.2_1,SAU.3_1,AlHududashShamaliyah,Arar,Muhafazah,arar,arar
SAU.3.3_1,SAU.3_1,AlHududashShamaliyah,Rafha,Muhafazah,rafha,rafha
SAU.3.4_1,SAU.3_1,AlHududashShamaliyah,Turaif,Muhafazah,turaif,turaif
SAU.4.1_1,SAU.4_1,AlJawf,Dumaal-Jandal,Muhafazah,dumaaljandal,dumaaljandal
SAU.4.2_1,SAU.4_1,AlJawf,Qurayyat,Muhafazah,qurayyat,qurayyat
SAU.4.3_1,SAU.4_1,AlJawf,Sakaka,Muhafazah,sakaka,sakaka
SAU.4.4_1,SAU.4_1,AlJawf,Tubarjal,Muhafazah,tubarjal,tubarjal
SAU.5.1_1,SAU.5_1,AlMadinah,AlHinakiyah,Muhafazah,alhinakiyah,hinakiyah
SAU.5.2_1,SAU.5_1,AlMadinah,AlIs,Muhafazah,alis,alis
SAU.5.3_1,SAU.5_1,AlMadinah,AlMadinah,Muhafazah,almadinah,madinah
SAU.5.4_1,SAU.5_1,AlMadinah,AlMahd,Muhafazah,almahd,mahd
SAU.5.5_1,SAU.5_1,AlMadinah,AlUla,Muhafazah,alula,alula
SAU.5.6_1,SAU.5_1,AlMadinah,Badr,Muhafazah,badr,badr
SAU.5.7_1,SAU.5_1,AlMadinah,Khaybar,Muhafazah,khaybar,khaybar
SAU.5.8_1,SAU.5_1,AlMadinah,WadiAlFara,Muhafazah,wadialfara,wadialfara
SAU.5.9_1,SAU.5_1,AlMadinah,Yanbu,Muhafazah,yanbu,yanbu
SAU.6.1_1,SAU.6_1,AlQassim,AlAsyah,Muhafazah,alasyah,asyah
SAU.6.2_1,SAU.6_1,AlQassim,AlBadayea,Muhafazah,albadayea,badayea
SAU.6.3_1,SAU.6_1,AlQassim,AlBukayriyah,Muhafazah,albukayriyah,bukayriyah
SAU.6.4_1,SAU.6_1,AlQassim,AlMithnab,Muhafazah,almithnab,mithnab
SAU.6.5_1,SAU.6_1,AlQassim,AnNabhaniyah,Muhafazah,annabhaniyah,nabhaniyah
SAU.6.6_1,SAU.6_1,AlQassim,ArRass,Muhafazah,arrass,rass
SAU.6.7_1,SAU.6_1,AlQassim,Buraidah,Muhafazah,buraidah,buraidah
SAU.6.8_1,SAU.6_1,AlQassim,Dariyah,Muhafazah,dariyah,dariyah
SAU.6.9_1,SAU.6_1,AlQassim,RiyadhAlKhabra,Muhafazah,riyadhalkhabra,riyadhalkhabra
SAU.6.10_1,SAU.6_1,AlQassim,Unaizah,Muhafazah,unaizah,unaizah
SAU.6.11_1,SAU.6_1,AlQassim,UqlatAsSuqur,Muhafazah,uqlatassuqur,uqlatassuqur
SAU.6.12_1,SAU.6_1,AlQassim,UyunAlJiwa,Muhafazah,uyunaljiwa,uyunaljiwa
SAU.7.1_1,SAU.7_1,ArRiyad,AdDilam,Muhafazah,addilam,dilam
SAU.7.2_1,SAU.7_1,ArRiyad,AdDiriyah,Muhafazah,addiriyah,diriyah
SAU.7.3_1,SAU.7_1,ArRiyad,AdDuwadimi,Muhafazah,adduwadimi,duwadimi
SAU.7.4_1,SAU.7_1,ArRiyad,Afif,Muhafazah,afif,afif
SAU.7.5_1,SAU.7_1,ArRiyad,AlAflaj,Muhafazah,alaflaj,aflaj
SAU.7.6_1,SAU.7_1,ArRiyad,AlGhat,Muhafazah,alghat,ghat
SAU.7.7_1,SAU.7_1,ArRiyad,AlHariq,Muhafazah,alhariq,hariq
SAU.7.8_1,SAU.7_1,ArRiyad,AlKharj,Muhafazah,alkharj,kharj
SAU.7.9_1,SAU.7_1,ArRiyad,AlMajmaah,Muhafazah,almajmaah,majmaah
SAU.7.10_1,SAU.7_1,ArRiyad,AlMuzahimiyah,Muhafazah,almuzahimiyah,muzahimiyah
SAU.7.11_1,SAU.7_1,ArRiyad,AlQuwayiyah,Muhafazah,alquwayiyah,quwayiyah
SAU.7.12_1,SAU.7_1,ArRiyad,ArRayn,Muhafazah,arrayn,rayn
SAU.7.13_1,SAU.7_1,ArRiyad,AsSulayyil,Muhafazah,assulayyil,sulayyil
SAU.7.14_1,SAU.7_1,ArRiyad,AshShimasiyah,Muhafazah,ashshimasiyah,shimasiyah
SAU.7.15_1,SAU.7_1,ArRiyad,AzZulfi,Muhafazah,azzulfi,zulfi
SAU.7.16_1,SAU.7_1,ArRiyad,Duruma,Muhafazah,duruma,duruma
SAU.7.17_1,SAU.7_1,ArRiyad,HawtatBaniTamim,Muhafazah,hawtatbanitamim,hawtatbanitamim
SAU.7.18_1,SAU.7_1,ArRiyad,Huraymila,Muhafazah,huraymila,huraymila
SAU.7.19_1,SAU.7_1,ArRiyad,Marat,Muhafazah,marat,marat
SAU.7.20_1,SAU.7_1,ArRiyad,Riyadh,Muhafazah,riyadh,riyadh
SAU.7.21_1,SAU.7_1,ArRiyad,Rumah,Muhafazah,rumah,rumah
SAU.7.22_1,SAU.7_1,ArRiyad,Shaqra,Muhafazah,shaqra,shaqra
SAU.7.23_1,SAU.7_1,ArRiyad,Thadiq,Muhafazah,thadiq,thadiq
SAU.7.24_1,SAU.7_1,ArRiyad,WadiAdDawasir,Muhafazah,wadiaddawasir,wadiaddawasir
SAU.8.1_1,SAU.8_1,Ash-Sharqīyah,Abqaiq,Muhafazah,abqaiq,abqaiq
SAU.8.2_1,SAU.8_1,Ash-Sharqīyah,AlAhsa,Muhafazah,alahsa,ahsa
SAU.8.3_1,SAU.8_1,Ash-Sharqīyah,AlJubayl,Muhafazah,aljubayl,jubayl
SAU.8.4_1,SAU.8_1,Ash-Sharqīyah,AlKhafji,Muhafazah,alkhafji,khafji
SAU.8.5_1,SAU.8_1,Ash-Sharqīyah,AlKhubar,Muhafazah,alkhubar,khubar
SAU.8.6_1,SAU.8_1,Ash-Sharqīyah,AlNuayriyah,Muhafazah,alnuayriyah,nuayriyah
SAU.8.7_1,SAU.8_1,Ash-Sharqīyah,AlQatif,Muhafazah,alqatif,qatif
SAU.8.8_1,SAU.8_1,Ash-Sharqīyah,AlUdayd,Muhafazah,aludayd,udayd
SAU.8.9_1,SAU.8_1,Ash-Sharqīyah,HafarAlBatin,Muhafazah,hafaralbatin,hafaralbatin
SAU.8.10_1,SAU.8_1,Ash-Sharqīyah,QaryahAlUlya,Muhafazah,qaryahalulya,qaryahalulya
SAU.8.11_1,SAU.8_1,Ash-Sharqīyah,RasTannurah,Muhafazah,rastannurah,rastannurah
SAU.9.1_1,SAU.9_1,Ḥaʼil,AlGhazalah,Muhafazah,alghazalah,ghazalah
SAU.9.2_1,SAU.9_1,Ḥaʼil,AlHait,Muhafazah,alhait,hait
SAU.9.3_1,SAU.9_1,Ḥaʼil,AsSulaymi,Muhafazah,assulaymi,sulaymi
SAU.9.4_1,SAU.9_1,Ḥaʼil,AshShamli,Muhafazah,ashshamli,shamli
SAU.9.5_1,SAU.9_1,Ḥaʼil,AshShinan,Muhafazah,ashshinan,shinan
SAU.9.6_1,SAU.9_1,Ḥaʼil,Baqa,Muhafazah,baqa,baqa
SAU.9.7_1,SAU.9_1,Ḥaʼil,Hail,Muhafazah,hail,hail
SAU.9.8_1,SAU.9_1,Ḥaʼil,Mawqaq,Muhafazah,mawqaq,mawqaq
SAU.9.9_1,SAU.9_1,Ḥaʼil,Simira,Muhafazah,simira,simira
SAU.10.1_1,SAU.10_1,Jizan,AbuArish,Muhafazah,abuarish,abuarish
SAU.10.2_1,SAU.10_1,Jizan,AdDair,Muhafazah,addair,dair
SAU.10.3_1,SAU.10_1,Jizan,AdDarb,Muhafazah,addarb,darb
SAU.10.4_1,SAU.10_1,Jizan,AhadAlMasarihah,Muhafazah,ahadalmasarihah,ahadalmasarihah
SAU.10.5_1,SAU.10_1,Jizan,AlAridah,Muhafazah,alaridah,aridah
SAU.10.6_1,SAU.10_1,Jizan,AlAydabi,Muhafazah,alaydabi,aydabi
SAU.10.7_1,SAU.10_1,Jizan,AlHarth,Muhafazah,alharth,harth
SAU.10.8_1,SAU.10_1,Jizan,ArRayth,Muhafazah,arrayth,rayth
SAU.10.9_1,SAU.10_1,Jizan,AtTuwal,Muhafazah,attuwal,tuwal
SAU.10.10_1,SAU.10_1,Jizan,Baysh,Muhafazah,baysh,baysh
SAU.10.11_1,SAU.10_1,Jizan,Damad,Muhafazah,damad,damad
SAU.10.12_1,SAU.10_1,Jizan,Farasan,Muhafazah,farasan,farasan
SAU.10.13_1,SAU.10_1,Jizan,Fayfa,Muhafazah,fayfa,fayfa
SAU.10.14_1,SAU.10_1,Jizan,Harub,Muhafazah,harub,harub
SAU.10.15_1,SAU.10_1,Jizan,Jazan,Muhafazah,jazan,jazan
SAU.10.16_1,SAU.10_1,Jizan,Sabya,Muhafazah,sabya,sabya
SAU.10.17_1,SAU.10_1,Jizan,Samtah,Muhafazah,samtah,samtah
SAU.11.1_1,SAU.11_1,Makkah,Adam,Muhafazah,adam,adam
SAU.11.2_1,SAU.11_1,Makkah,AlArdiyat,Muhafazah,alardiyat,ardiyat
SAU.11.3_1,SAU.11_1,Makkah,AlJumum,Muhafazah,aljumum,jumum
SAU.11.4_1,SAU.11_1,Makkah,AlKamil,Muhafazah,alkamil,kamil
SAU.11.5_1,SAU.11_1,Makkah,AlKhurmah,Muhafazah,alkhurmah,khurmah
SAU.11.6_1,SAU.11_1,Makkah,AlLith,Muhafazah,allith,lith
SAU.11.7_1,SAU.11_1,Makkah,AlQunfudhah,Muhafazah,alqunfudhah,qunfudhah
SAU.11.8_1,SAU.11_1,Makkah,AlTaif,Muhafazah,altaif,taif
SAU.11.9_1,SAU.11_1,Makkah,Bahrah,Muhafazah,bahrah,bahrah
SAU.11.10_1,SAU.11_1,Makkah,FaratGhamidAzZinad,Muhafazah,faratghamidazzinad,faratghamidazzinad
SAU.11.11_1,SAU.11_1,Makkah,Jiddah,Muhafazah,jiddah,jiddah
SAU.11.12_1,SAU.11_1,Makkah,Khulays,Muhafazah,khulays,khulays
SAU.11.13_1,SAU.11_1,Makkah,MakkahAlMukarramah,Muhafazah,makkahalmukarramah,makkahalmukarramah
SAU.11.14_1,SAU.11_1,Makkah,Maysan,Muhafazah,maysan,maysan
SAU.11.15_1,SAU.11_1,Makkah,Rabigh,Muhafazah,rabigh,rabigh
SAU.11.16_1,SAU.11_1,Makkah,Ranyah,Muhafazah,ranyah,ranyah
SAU.11.17_1,SAU.11_1,Makkah,Turubah,Muhafazah,turubah,turubah
SAU.12.1_1,SAU.12_1,Najran,BadrAlJanub,Muhafazah,badraljanub,badraljanub
SAU.12.2_1,SAU.12_1,Najran,Hubuna,Muhafazah,hubuna,hubuna
SAU.12.3_1,SAU.12_1,Najran,Khubash,Muhafazah,khubash,khubash
SAU.12.4_1,SAU.12_1,Najran,Najran,Muhafazah,najran,najran
SAU.12.5_1,SAU.12_1,Najran,Sharurah,Muhafazah,sharurah,sharurah
SAU.12.6_1,SAU.12_1,Najran,Thar,Muhafazah,thar,thar
SAU.12.7_1,SAU.12_1,Najran,Yadamah,Muhafazah,yadamah,yadamah
SAU.13.1_1,SAU.13_1,Tabuk,AlBad,Muhafazah,albad,albad
SAU.13.2_1,SAU.13_1,Tabuk,AlWajh,Muhafazah,alwajh,wajh
SAU.13.3_1,SAU.13_1,Tabuk,Duba,Muhafazah,duba,duba
SAU.13.4_1,SAU.13_1,Tabuk,Haqil,Muhafazah,haqil,haqil
SAU.13.5_1,SAU.13_1,Tabuk,Tabuk,Muhafazah,tabuk,tabuk
SAU.13.6_1,SAU.13_1,Tabuk,Tayma,Muhafazah,tayma,tayma
SAU.13.7_1,SAU.13_1,Tabuk,Umluj,Muhafazah,umluj,umluj
