gid_1,name_1,iso_1,hasc_1,type_1,fips_abbr,state_fips,geom_type
USA.1_1,Alabama,US-AL,US.AL,State,AL,01,MultiPolygon
USA.2_1,Alaska,US-AK,US.AK,State,AK,02,MultiPolygon
USA.3_1,Arizona,US-AZ,US.AZ,State,AZ,04,MultiPolygon
USA.4_1,Arkansas,US-AR,US.AR,State,AR,05,MultiPolygon
USA.5_1,California,US-CA,US.CA,State,CA,06,MultiPolygon
USA.6_1,Colorado,US-CO,US.CO,State,CO,08,MultiPolygon
USA.7_1,Connecticut,US-CT,US.CT,State,CT,09,MultiPolygon
USA.8_1,Delaware,US-DE,US.DE,State,DE,10,MultiPolygon
USA.9_1,DistrictofColumbia,US-DC,US.DC,FederalDistrict,DC,11,MultiPolygon
USA.10_1,Florida,US-FL,US.FL,State,FL,12,MultiPolygon
USA.11_1,Georgia,US-GA,US.GA,State,GA,13,MultiPolygon
USA.12_1,Hawaii,US-HI,US.HI,State,HI,15,MultiPolygon
USA.13_1,Idaho,US-ID,US.ID,State,ID,16,MultiPolygon
USA.14_1,Illinois,US-IL,US.IL,State,IL,17,MultiPolygon
USA.15_1,Indiana,US-IN,US.IN,State,IN,18,MultiPolygon
USA.16_1,Iowa,US-IA,US.IA,State,IA,19,MultiPolygon
USA.17_1,Kansas,US-KS,US.KS,State,KS,20,MultiPolygon
USA.18_1,Kentucky,US-KY,US.KY,State,KY,21,MultiPolygon
USA.19_1,Louisiana,US-LA,US.LA,State,LA,22,MultiPolygon
USA.20_1,Maine,US-ME,US.ME,State,ME,23,MultiPolygon
USA.21_1,Maryland,US-MD,US.MD,State,MD,24,MultiPolygon
USA.22_1,Massachusetts,US-MA,US.MA,State,MA,25,MultiPolygon
USA.23_1,Michigan,US-MI,US.MI,State,MI,26,MultiPolygon
USA.24_1,Minnesota,US-MN,US.MN,State,MN,27,MultiPolygon
USA.25_1,Mississippi,US-MS,US.MS,State,MS,28,MultiPolygon
USA.26_1,Missouri,US-MO,US.MO,State,MO,29,MultiPolygon
USA.27_1,Montana,US-MT,US.MT,State,MT,30,MultiPolygon
USA.28_1,Nebraska,US-NE,US.NE,State,NE,31,MultiPolygon
USA.29_1,Nevada,US-NV,US.NV,State,NV,32,MultiPolygon
USA.30_1,NewHampshire,US-NH,US.NH,State,NH,33,MultiPolygon
USA.31_1,NewJersey,US-NJ,US.NJ,State,NJ,34,MultiPolygon
USA.32_1,NewMexico,US-NM,US.NM,State,NM,35,MultiPolygon
USA.33_1,NewYork,US-NY,US.NY,State,NY,36,MultiPolygon
USA.34_1,NorthCarolina,US-NC,US.NC,State,NC,37,MultiPolygon
USA.35_1,NorthDakota,US-ND,US.ND,State,ND,38,MultiPolygon
USA.36_1,Ohio,US-OH,US.OH,State,OH,39,MultiPolygon
USA.37_1,Oklahoma,US-OK,US.OK,State,OK,40,MultiPolygon
USA.38_1,Oregon,US-OR,US.OR,State,OR,41,MultiPolygon
USA.39_1,Pennsylvania,US-PA,US.PA,State,PA,42,MultiPolygon
USA.40_1,RhodeIsland,US-RI,US.RI,State,RI,44,MultiPolygon
USA.41_1,SouthCarolina,US-SC,US.SC,State,SC,45,MultiPolygon
USA.42_1,SouthDakota,US-SD,US.SD,State,SD,46,MultiPolygon
USA.43_1,Tennessee,US-TN,US.TN,State,TN,47,MultiPolygon
USA.44_1,Texas,US-TX,US.TX,State,TX,48,MultiPolygon
USA.45_1,Utah,US-UT,US.UT,State,UT,49,MultiPolygon
USA.46_1,Vermont,US-VT,US.VT,State,VT,50,MultiPolygon
USA.47_1,Virginia,US-VA,US.VA,State,VA,51,MultiPolygon
USA.48_1,Washington,US-WA,US.WA,State,WA,53,MultiPolygon
USA.49_1,WestVirginia,US-WV,US.WV,State,WV,54,MultiPolygon
USA.50_1,Wisconsin,US-WI,US.WI,State,WI,55,MultiPolygon
USA.51_1,Wyoming,US-WY,US.WY,State,WY,56,MultiPolygon
