fips5,gid_2,hasc_2,match_method
01007,USA.1.4_1,US.AL.BI,name_exact
01009,USA.1.5_1,US.AL.BU,name_exact
01021,USA.1.11_1,US.AL.CI,name_exact
01073,USA.1.37_1,US.AL.JE,name_exact
01115,USA.1.58_1,US.AL.SA,name_exact
01117,USA.1.59_1,US.AL.SH,name_exact
01127,USA.1.64_1,US.AL.WK,name_exact
04013,USA.3.8_1,US.AZ.MA,name_exact
04019,USA.3.11_1,US.AZ.PM,name_exact
04021,USA.3.12_1,US.AZ.PN,name_exact
05035,USA.4.18_1,US.AR.CD,name_exact
05045,USA.4.23_1,US.AR.FA,name_exact
05053,USA.4.27_1,US.AR.GN,name_exact
05085,USA.4.43_1,US.AR.LO,name_exact
05105,USA.4.53_1,US.AR.PY,name_exact
05119,USA.4.60_1,US.AR.PU,name_exact
05125,USA.4.63_1,US.AR.SL,name_exact
06001,USA.5.1_1,US.CA.AA,name_exact
06013,USA.5.7_1,US.CA.CN,name_exact
06017,USA.5.9_1,US.CA.EL,name_exact
06019,USA.5.10_1,US.CA.FR,name_exact
06029,USA.5.15_1,US.CA.KE,name_exact
06037,USA.5.19_1,US.CA.LO,name_exact
06041,USA.5.21_1,US.CA.MN,name_exact
06059,USA.5.30_1,US.CA.OR,name_exact
06061,USA.5.31_1,US.CA.PA,name_exact
06065,USA.5.33_1,US.CA.RI,name_exact
06067,USA.5.34_1,US.CA.SC,name_exact
06069,USA.5.35_1,US.CA.SI,name_exact
06071,USA.5.36_1,US.CA.SA,name_exact
06073,USA.5.37_1,US.CA.SD,name_exact
06075,USA.5.38_1,US.CA.SF,name_exact
06077,USA.5.39_1,US.CA.SJ,name_exact
06081,USA.5.41_1,US.CA.SM,name_exact
06085,USA.5.43_1,US.CA.SL,name_exact
06111,USA.5.56_1,US.CA.VE,name_exact
06113,USA.5.57_1,US.CA.YO,name_exact
08001,USA.6.1_1,US.CO.AD,name_exact
08005,USA.6.3_1,US.CO.AA,name_exact
08014,USA.6.8_1,US.CO.BR,name_exact
08019,USA.6.11_1,US.CO.CL,name_exact
08031,USA.6.17_1,US.CO.DN,name_exact
08035,USA.6.19_1,US.CO.DU,name_exact
08039,USA.6.22_1,US.CO.EB,name_exact
08041,USA.6.21_1,US.CO.EL,name_exact
08047,USA.6.25_1,US.CO.GI,name_exact
08059,USA.6.31_1,US.CO.JE,name_exact
08093,USA.6.48_1,US.CO.PA,name_exact
08119,USA.6.61_1,US.CO.TE,name_exact
09001,USA.7.1_1,US.CT.FA,name_exact
09003,USA.7.2_1,US.CT.HA,name_exact
09007,USA.7.4_1,US.CT.MI,name_exact
09009,USA.7.5_1,US.CT.NH,name_exact
09013,USA.7.7_1,US.CT.TO,name_exact
09015,USA.7.8_1,US.CT.WI,name_exact
10003,USA.8.2_1,US.DE.NE,name_exact
11001,USA.9.1_1,US.DC.DI,name_exact
12003,USA.10.2_1,US.FL.BK,name_exact
12011,USA.10.6_1,US.FL.BO,name_exact
12019,USA.10.10_1,US.FL.CY,name_exact
12031,USA.10.15_1,US.FL.DU,name_exact
12053,USA.10.26_1,US.FL.HA,name_exact
12057,USA.10.28_1,US.FL.HL,name_exact
12069,USA.10.34_1,US.FL.LK,name_exact
12071,USA.10.35_1,US.FL.LE,name_exact
12081,USA.10.40_1,US.FL.MN,name_exact
12086,USA.10.43_1,US.FL.DA,name_exact
12089,USA.10.45_1,US.FL.NA,name_exact
12095,USA.10.48_1,US.FL.OR,name_exact
12097,USA.10.49_1,US.FL.OS,name_exact
12099,USA.10.50_1,US.FL.PL,name_exact
12101,USA.10.51_1,US.FL.PS,name_exact
12103,USA.10.52_1,US.FL.PI,name_exact
12109,USA.10.55_1,US.FL.SJ,name_exact
12115,USA.10.58_1,US.FL.SR,name_exact
12117,USA.10.59_1,US.FL.SE,name_exact
13013,USA.11.7_1,US.GA.BW,name_exact
13015,USA.11.8_1,US.GA.BT,name_exact
13035,USA.11.18_1,US.GA.BU,name_exact
13045,USA.11.22_1,US.GA.CL,name_exact
13057,USA.11.28_1,US.GA.CE,name_exact
13063,USA.11.31_1,US.GA.CN,name_exact
13067,USA.11.33_1,US.GA.CB,name_exact
13077,USA.11.38_1,US.GA.CA,name_exact
13085,USA.11.42_1,US.GA.DW,name_exact
13089,USA.11.44_1,US.GA.DA,name_exact
13097,USA.11.48_1,US.GA.DL,name_exact
13113,USA.11.56_1,US.GA.FY,name_exact
13117,USA.11.58_1,US.GA.FO,name_exact
13121,USA.11.60_1,US.GA.FU,name_exact
13135,USA.11.67_1,US.GA.GW,name_exact
13143,USA.11.71_1,US.GA.HS,name_exact
13149,USA.11.74_1,US.GA.HD,name_exact
13151,USA.11.75_1,US.GA.HY,name_exact
13159,USA.11.79_1,US.GA.JS,name_exact
13171,USA.11.85_1,US.GA.LM,name_exact
13199,USA.11.99_1,US.GA.MW,name_exact
13211,USA.11.104_1,US.GA.MO,name_exact
13217,USA.11.107_1,US.GA.NE,name_exact
13223,USA.11.110_1,US.GA.PA,name_exact
13227,USA.11.112_1,US.GA.PE,name_exact
13231,USA.11.114_1,US.GA.PK,name_exact
13247,USA.11.122_1,US.GA.RO,name_exact
13255,USA.11.126_1,US.GA.SD,name_exact
13297,USA.11.147_1,US.GA.WA,name_exact
15003,USA.12.2_1,US.HI.HO,name_exact
16001,USA.13.1_1,US.ID.AA,name_exact
16015,USA.13.8_1,US.ID.BS,name_exact
16027,USA.13.14_1,US.ID.CN,name_exact
16045,USA.13.23_1,US.ID.GE,name_exact
16073,USA.13.37_1,US.ID.OW,name_exact
17005,USA.14.3_1,US.IL.BN,name_exact
17013,USA.14.7_1,US.IL.CH,name_exact
17027,USA.14.14_1,US.IL.CN,name_exact
17031,USA.14.16_1,US.IL.CO,name_exact
17037,USA.14.19_1,US.IL.DK,name_exact
17043,USA.14.22_1,US.IL.DU,name_exact
17063,USA.14.32_1,US.IL.GU,name_exact
17083,USA.14.42_1,US.IL.JR,name_exact
17089,USA.14.45_1,US.IL.KE,name_exact
17093,USA.14.47_1,US.IL.KA,name_exact
17097,USA.14.50_1,US.IL.LK,name_exact
17111,USA.14.64_1,US.IL.MY,name_exact
17117,USA.14.57_1,US.IL.MP,name_exact
17119,USA.14.58_1,US.IL.MD,name_exact
17133,USA.14.68_1,US.IL.MR,name_exact
17163,USA.14.83_1,US.IL.SI,name_exact
17197,USA.14.100_1,US.IL.WL,name_exact
18011,USA.15.6_1,US.IN.BO,name_exact
18013,USA.15.7_1,US.IN.BR,name_exact
18019,USA.15.10_1,US.IN.CK,name_exact
18029,USA.15.16_1,US.IN.DR,name_exact
18043,USA.15.22_1,US.IN.FL,name_exact
18057,USA.15.29_1,US.IN.HM,name_exact
18059,USA.15.30_1,US.IN.HC,name_exact
18061,USA.15.31_1,US.IN.HI,name_exact
18063,USA.15.32_1,US.IN.HD,name_exact
18073,USA.15.37_1,US.IN.JS,name_exact
18081,USA.15.41_1,US.IN.JO,name_exact
18089,USA.15.45_1,US.IN.LK,name_exact
18095,USA.15.49_1,US.IN.MD,name_exact
18097,USA.15.50_1,US.IN.MO,name_exact
18109,USA.15.56_1,US.IN.MG,name_exact
18111,USA.15.57_1,US.IN.NE,name_exact
18115,USA.15.59_1,US.IN.OH,name_exact
18127,USA.15.65_1,US.IN.PR,name_exact
18133,USA.15.68_1,US.IN.PT,name_exact
18143,USA.15.73_1,US.IN.SC,name_exact
18145,USA.15.74_1,US.IN.SH,name_exact
18161,USA.15.82_1,US.IN.UN,name_exact
18175,USA.15.89_1,US.IN.WS,name_exact
19049,USA.16.25_1,US.IA.DL,name_exact
19077,USA.16.39_1,US.IA.GH,name_exact
19085,USA.16.43_1,US.IA.HR,name_exact
19121,USA.16.61_1,US.IA.MD,name_exact
19129,USA.16.65_1,US.IA.ML,name_exact
19153,USA.16.77_1,US.IA.PK,name_exact
19155,USA.16.78_1,US.IA.PT,name_exact
19181,USA.16.91_1,US.IA.WR,name_exact
20015,USA.17.8_1,US.KS.BU,name_exact
20079,USA.17.40_1,US.KS.HV,name_exact
20091,USA.17.46_1,US.KS.JO,name_exact
20095,USA.17.48_1,US.KS.KM,name_exact
20103,USA.17.52_1,US.KS.LV,name_exact
20107,USA.17.54_1,US.KS.LN,name_exact
20121,USA.17.61_1,US.KS.MI,name_exact
20173,USA.17.87_1,US.KS.SG,name_exact
20191,USA.17.96_1,US.KS.SU,name_exact
20209,USA.17.105_1,US.KS.WY,name_exact
21015,USA.18.8_1,US.KY.BO,name_exact
21023,USA.18.12_1,US.KY.BK,name_exact
21029,USA.18.15_1,US.KY.BI,name_exact
21037,USA.18.19_1,US.KY.CM,name_exact
21077,USA.18.39_1,US.KY.GL,name_exact
21081,USA.18.41_1,US.KY.GT,name_exact
21103,USA.18.52_1,US.KY.HY,name_exact
21111,USA.18.56_1,US.KY.JF,name_exact
21117,USA.18.59_1,US.KY.KE,name_exact
21185,USA.18.93_1,US.KY.OL,name_exact
21191,USA.18.96_1,US.KY.PN,name_exact
21211,USA.18.106_1,US.KY.SH,name_exact
21215,USA.18.108_1,US.KY.SP,name_exact
21223,USA.18.112_1,US.KY.TM,name_exact
22005,USA.19.3_1,US.LA.AE,name_exact
22033,USA.19.17_1,US.LA.EB,name_exact
22037,USA.19.19_1,US.LA.EF,name_exact
22047,USA.19.24_1,US.LA.IV,name_exact
22051,USA.19.26_1,US.LA.JF,name_exact
22063,USA.19.32_1,US.LA.LV,name_exact
22071,USA.19.36_1,US.LA.OR,name_exact
22075,USA.19.38_1,US.LA.PL,name_exact
22077,USA.19.39_1,US.LA.PO,name_exact
22087,USA.19.44_1,US.LA.SE,name_exact
22089,USA.19.45_1,US.LA.SC,name_exact
22091,USA.19.46_1,US.LA.SH,name_exact
22093,USA.19.47_1,US.LA.SJ,name_exact
22095,USA.19.48_1,US.LA.SO,name_exact
22103,USA.19.52_1,US.LA.ST,name_exact
22121,USA.19.61_1,US.LA.WB,name_exact
22125,USA.19.63_1,US.LA.WF,name_exact
24003,USA.21.2_1,US.MD.AN,name_exact
24005,USA.21.3_1,US.MD.BA,name_exact
24009,USA.21.4_1,US.MD.CL,name_exact
24013,USA.21.6_1,US.MD.CR,name_exact
24015,USA.21.7_1,US.MD.CE,name_exact
24017,USA.21.8_1,US.MD.CH,name_exact
24021,USA.21.10_1,US.MD.FR,name_exact
24025,USA.21.12_1,US.MD.HA,name_exact
24027,USA.21.13_1,US.MD.HO,name_exact
24031,USA.21.15_1,US.MD.MO,name_exact
24033,USA.21.16_1,US.MD.PR,name_exact
24035,USA.21.17_1,US.MD.QU,name_exact
25005,USA.22.3_1,US.MA.BR,name_exact
25009,USA.22.5_1,US.MA.ES,name_exact
25017,USA.22.9_1,US.MA.MI,name_exact
25021,USA.22.11_1,US.MA.NO,name_exact
25023,USA.22.12_1,US.MA.PL,name_exact
25025,USA.22.13_1,US.MA.SU,name_exact
25027,USA.22.14_1,US.MA.WO,name_exact
26015,USA.23.8_1,US.MI.BR,name_exact
26081,USA.23.41_1,US.MI.KN,name_exact
26087,USA.23.48_1,US.MI.LP,name_exact
26093,USA.23.51_1,US.MI.LI,name_exact
26099,USA.23.54_1,US.MI.MB,name_exact
26117,USA.23.63_1,US.MI.MC,name_exact
26125,USA.23.67_1,US.MI.OD,name_exact
26139,USA.23.74_1,US.MI.OT,name_exact
26147,USA.23.78_1,US.MI.SA,name_exact
26163,USA.23.86_1,US.MI.WY,name_exact
27003,USA.24.2_1,US.MN.AN,name_exact
27019,USA.24.10_1,US.MN.CV,name_exact
27025,USA.24.13_1,US.MN.CG,name_exact
27037,USA.24.19_1,US.MN.DA,name_exact
27053,USA.24.27_1,US.MN.HE,name_exact
27059,USA.24.30_1,US.MN.IS,name_exact
27079,USA.24.41_1,US.MN.LU,name_exact
27095,USA.24.49_1,US.MN.MI,name_exact
27123,USA.24.63_1,US.MN.RA,name_exact
27139,USA.24.71_1,US.MN.SC,name_exact
27141,USA.24.72_1,US.MN.SH,name_exact
27143,USA.24.73_1,US.MN.SI,name_exact
27163,USA.24.83_1,US.MN.WH,name_exact
27171,USA.24.87_1,US.MN.WR,name_exact
28009,USA.25.5_1,US.MS.BE,name_exact
28033,USA.25.17_1,US.MS.DE,name_exact
28093,USA.25.47_1,US.MS.MS,name_exact
28137,USA.25.69_1,US.MS.TT,name_exact
28143,USA.25.72_1,US.MS.TU,name_exact
29013,USA.26.7_1,US.MO.BS,name_exact
29025,USA.26.13_1,US.MO.CW,name_exact
29037,USA.26.19_1,US.MO.CS,name_exact
29047,USA.26.24_1,US.MO.CY,name_exact
29049,USA.26.25_1,US.MO.CO,name_exact
29071,USA.26.36_1,US.MO.FR,name_exact
29095,USA.26.48_1,US.MO.JC,name_exact
29099,USA.26.50_1,US.MO.JE,name_exact
29107,USA.26.54_1,US.MO.LF,name_exact
29113,USA.26.57_1,US.MO.LO,name_exact
29165,USA.26.83_1,US.MO.PT,name_exact
29177,USA.26.89_1,US.MO.RY,name_exact
29183,USA.26.92_1,US.MO.SA,name_exact
29189,USA.26.95_1,US.MO.SL,name_exact
29219,USA.26.109_1,US.MO.WR,name_exact
31025,USA.28.13_1,US.NE.CS,name_exact
31055,USA.28.28_1,US.NE.DG,name_exact
31153,USA.28.77_1,US.NE.SY,name_exact
31155,USA.28.78_1,US.NE.SU,name_exact
31177,USA.28.89_1,US.NE.WS,name_exact
32003,USA.29.3_1,US.NV.CL,name_exact
33015,USA.30.8_1,US.NH.RO,name_exact
33017,USA.30.9_1,US.NH.ST,name_exact
34003,USA.31.2_1,US.NJ.BE,name_exact
34005,USA.31.3_1,US.NJ.BU,name_exact
34007,USA.31.4_1,US.NJ.CM,name_exact
34013,USA.31.7_1,US.NJ.ES,name_exact
34015,USA.31.8_1,US.NJ.GL,name_exact
34017,USA.31.9_1,US.NJ.HD,name_exact
34019,USA.31.10_1,US.NJ.HN,name_exact
34023,USA.31.12_1,US.NJ.MI,name_exact
34025,USA.31.13_1,US.NJ.MN,name_exact
34027,USA.31.14_1,US.NJ.MR,name_exact
34029,USA.31.15_1,US.NJ.OC,name_exact
34031,USA.31.16_1,US.NJ.PA,name_exact
34033,USA.31.17_1,US.NJ.SA,name_exact
34035,USA.31.18_1,US.NJ.SO,name_exact
34037,USA.31.19_1,US.NJ.SU,name_exact
34039,USA.31.20_1,US.NJ.UN,name_exact
34041,USA.31.21_1,US.NJ.WA,name_exact
35001,USA.32.1_1,US.NM.BE,name_exact
35043,USA.32.26_1,US.NM.SD,name_exact
35057,USA.32.31_1,US.NM.TO,name_exact
35061,USA.32.33_1,US.NM.VA,name_exact
36001,USA.33.1_1,US.NY.AB,name_exact
36005,USA.33.3_1,US.NY.BN,name_exact
36027,USA.33.14_1,US.NY.DU,name_exact
36029,USA.33.15_1,US.NY.ER,name_exact
36047,USA.33.24_1,US.NY.KI,name_exact
36051,USA.33.27_1,US.NY.LI,name_exact
36053,USA.33.28_1,US.NY.MA,name_exact
36055,USA.33.29_1,US.NY.MR,name_exact
36059,USA.33.31_1,US.NY.NA,name_exact
36061,USA.33.32_1,US.NY.NE,name_exact
36063,USA.33.33_1,US.NY.NI,name_exact
36067,USA.33.35_1,US.NY.OG,name_exact
36069,USA.33.36_1,US.NY.OR,name_exact
36071,USA.33.37_1,US.NY.OE,name_exact
36073,USA.33.38_1,US.NY.OL,name_exact
36075,USA.33.39_1,US.NY.OS,name_exact
36079,USA.33.41_1,US.NY.PU,name_exact
36081,USA.33.42_1,US.NY.QU,name_exact
36083,USA.33.43_1,US.NY.RE,name_exact
36085,USA.33.44_1,US.NY.RI,name_exact
36087,USA.33.45_1,US.NY.RO,name_exact
36091,USA.33.47_1,US.NY.SR,name_exact
36093,USA.33.48_1,US.NY.SN,name_exact
36095,USA.33.49_1,US.NY.SO,name_exact
36103,USA.33.53_1,US.NY.SF,name_exact
36117,USA.33.60_1,US.NY.WN,name_exact
36119,USA.33.61_1,US.NY.WE,name_exact
36123,USA.33.63_1,US.NY.YA,name_exact
37025,USA.34.13_1,US.NC.CR,name_exact
37037,USA.34.19_1,US.NC.CH,name_exact
37053,USA.34.27_1,US.NC.CI,name_exact
37057,USA.34.29_1,US.NC.DD,name_exact
37059,USA.34.30_1,US.NC.DV,name_exact
37063,USA.34.32_1,US.NC.DH,name_exact
37067,USA.34.34_1,US.NC.FO,name_exact
37069,USA.34.35_1,US.NC.FR,name_exact
37071,USA.34.36_1,US.NC.GS,name_exact
37073,USA.34.37_1,US.NC.GT,name_exact
37081,USA.34.41_1,US.NC.GU,name_exact
37097,USA.34.49_1,US.NC.IR,name_exact
37101,USA.34.51_1,US.NC.JH,name_exact
37109,USA.34.55_1,US.NC.LI,name_exact
37119,USA.34.60_1,US.NC.MB,name_exact
37135,USA.34.68_1,US.NC.OR,name_exact
37145,USA.34.73_1,US.NC.PN,name_exact
37151,USA.34.76_1,US.NC.RA,name_exact
37157,USA.34.79_1,US.NC.RC,name_exact
37159,USA.34.80_1,US.NC.RW,name_exact
37169,USA.34.85_1,US.NC.SO,name_exact
37179,USA.34.90_1,US.NC.UN,name_exact
37183,USA.34.92_1,US.NC.WK,name_exact
37197,USA.34.99_1,US.NC.YD,name_exact
39015,USA.36.8_1,US.OH.BR,name_exact
39017,USA.36.9_1,US.OH.BU,name_exact
39025,USA.36.13_1,US.OH.CE,name_exact
39035,USA.36.18_1,US.OH.CU,name_exact
39041,USA.36.21_1,US.OH.DL,name_exact
39045,USA.36.23_1,US.OH.FI,name_exact
39049,USA.36.25_1,US.OH.FR,name_exact
39051,USA.36.26_1,US.OH.FU,name_exact
39055,USA.36.28_1,US.OH.GE,name_exact
39057,USA.36.29_1,US.OH.GR,name_exact
39061,USA.36.31_1,US.OH.HM,name_exact
39073,USA.36.37_1,US.OH.HC,name_exact
39085,USA.36.43_1,US.OH.LK,name_exact
39089,USA.36.46_1,US.OH.LI,name_exact
39093,USA.36.48_1,US.OH.LR,name_exact
39095,USA.36.49_1,US.OH.LU,name_exact
39097,USA.36.50_1,US.OH.MO,name_exact
39103,USA.36.53_1,US.OH.MD,name_exact
39109,USA.36.56_1,US.OH.MM,name_exact
39113,USA.36.58_1,US.OH.MT,name_exact
39117,USA.36.60_1,US.OH.MW,name_exact
39127,USA.36.65_1,US.OH.PE,name_exact
39129,USA.36.66_1,US.OH.PC,name_exact
39133,USA.36.68_1,US.OH.PO,name_exact
39153,USA.36.78_1,US.OH.SU,name_exact
39159,USA.36.81_1,US.OH.UN,name_exact
39165,USA.36.84_1,US.OH.WR,name_exact
39173,USA.36.88_1,US.OH.WO,name_exact
40017,USA.37.9_1,US.OK.CN,name_exact
40027,USA.37.14_1,US.OK.CV,name_exact
40037,USA.37.19_1,US.OK.CE,name_exact
40051,USA.37.26_1,US.OK.GD,name_exact
40081,USA.37.41_1,US.OK.LI,name_exact
40083,USA.37.42_1,US.OK.LG,name_exact
40087,USA.37.47_1,US.OK.ML,name_exact
40109,USA.37.55_1,US.OK.OL,name_exact
40111,USA.37.56_1,US.OK.OM,name_exact
40113,USA.37.57_1,US.OK.OS,name_exact
40117,USA.37.59_1,US.OK.PW,name_exact
40131,USA.37.66_1,US.OK.RS,name_exact
40143,USA.37.72_1,US.OK.TU,name_exact
40145,USA.37.73_1,US.OK.WG,name_exact
41005,USA.38.3_1,US.OR.CC,name_exact
41009,USA.38.5_1,US.OR.CL,name_exact
41051,USA.38.26_1,US.OR.MU,name_exact
41067,USA.38.34_1,US.OR.WI,name_exact
41071,USA.38.36_1,US.OR.YA,name_exact
42003,USA.39.2_1,US.PA.AL,name_exact
42005,USA.39.3_1,US.PA.AR,name_exact
42007,USA.39.4_1,US.PA.BA,name_exact
42017,USA.39.9_1,US.PA.BC,name_exact
42019,USA.39.10_1,US.PA.BT,name_exact
42025,USA.39.13_1,US.PA.CB,name_exact
42029,USA.39.15_1,US.PA.CH,name_exact
42041,USA.39.21_1,US.PA.CU,name_exact
42043,USA.39.22_1,US.PA.DA,name_exact
42045,USA.39.23_1,US.PA.DE,name_exact
42051,USA.39.26_1,US.PA.FA,name_exact
42077,USA.39.39_1,US.PA.LH,name_exact
42091,USA.39.46_1,US.PA.MG,name_exact
42095,USA.39.48_1,US.PA.NA,name_exact
42099,USA.39.50_1,US.PA.PE,name_exact
42101,USA.39.51_1,US.PA.PH,name_exact
42103,USA.39.52_1,US.PA.PI,name_exact
42125,USA.39.63_1,US.PA.WS,name_exact
42129,USA.39.65_1,US.PA.WE,name_exact
44001,USA.40.1_1,US.RI.BR,name_exact
44003,USA.40.2_1,US.RI.KE,name_exact
44005,USA.40.3_1,US.RI.NE,name_exact
44007,USA.40.4_1,US.RI.PR,name_exact
44009,USA.40.5_1,US.RI.WA,name_exact
45007,USA.41.4_1,US.SC.AN,name_exact
45015,USA.41.8_1,US.SC.BK,name_exact
45017,USA.41.9_1,US.SC.CH,name_exact
45019,USA.41.10_1,US.SC.CS,name_exact
45023,USA.41.12_1,US.SC.CR,name_exact
45035,USA.41.18_1,US.SC.DO,name_exact
45039,USA.41.20_1,US.SC.FA,name_exact
45045,USA.41.23_1,US.SC.GV,name_exact
45055,USA.41.28_1,US.SC.KE,name_exact
45057,USA.41.29_1,US.SC.LN,name_exact
45059,USA.41.30_1,US.SC.LU,name_exact
45063,USA.41.32_1,US.SC.LX,name_exact
45077,USA.41.39_1,US.SC.PI,name_exact
45079,USA.41.40_1,US.SC.RI,name_exact
45081,USA.41.41_1,US.SC.SA,name_exact
45091,USA.41.46_1,US.SC.YO,name_exact
47001,USA.43.1_1,US.TN.AN,name_exact
47009,USA.43.5_1,US.TN.BO,name_exact
47013,USA.43.7_1,US.TN.CM,name_exact
47015,USA.43.8_1,US.TN.CN,name_exact
47021,USA.43.11_1,US.TN.CA,name_exact
47037,USA.43.19_1,US.TN.DA,name_exact
47043,USA.43.22_1,US.TN.DI,name_exact
47047,USA.43.24_1,US.TN.FA,name_exact
47057,USA.43.29_1,US.TN.GA,name_exact
47081,USA.43.41_1,US.TN.HN,name_exact
47093,USA.43.47_1,US.TN.KN,name_exact
47105,USA.43.53_1,US.TN.LO,name_exact
47111,USA.43.54_1,US.TN.MC,name_exact
47119,USA.43.58_1,US.TN.MU,name_exact
47129,USA.43.65_1,US.TN.MG,name_exact
47145,USA.43.73_1,US.TN.RA,name_exact
47147,USA.43.74_1,US.TN.RB,name_exact
47149,USA.43.75_1,US.TN.RU,name_exact
47157,USA.43.79_1,US.TN.SY,name_exact
47159,USA.43.80_1,US.TN.SH,name_exact
47165,USA.43.83_1,US.TN.SN,name_exact
47167,USA.43.84_1,US.TN.TI,name_exact
47169,USA.43.85_1,US.TN.TR,name_exact
47173,USA.43.87_1,US.TN.UO,name_exact
47187,USA.43.94_1,US.TN.WL,name_exact
47189,USA.43.95_1,US.TN.WO,name_exact
48013,USA.44.7_1,US.TX.AT,name_exact
48015,USA.44.8_1,US.TX.AU,name_exact
48019,USA.44.10_1,US.TX.BA,name_exact
48021,USA.44.11_1,US.TX.BP,name_exact
48029,USA.44.15_1,US.TX.BX,name_exact
48039,USA.44.20_1,US.TX.BI,name_exact
48055,USA.44.28_1,US.TX.CW,name_exact
48071,USA.44.36_1,US.TX.CH,name_exact
48085,USA.44.43_1,US.TX.CI,name_exact
48091,USA.44.46_1,US.TX.OM,name_exact
48113,USA.44.57_1,US.TX.DS,name_exact
48121,USA.44.61_1,US.TX.DN,name_exact
48139,USA.44.71_1,US.TX.EI,name_exact
48141,USA.44.70_1,US.TX.EP,name_exact
48157,USA.44.79_1,US.TX.FR,name_exact
48167,USA.44.84_1,US.TX.GV,name_exact
48187,USA.44.94_1,US.TX.GU,name_exact
48201,USA.44.101_1,US.TX.RR,name_exact
48209,USA.44.105_1,US.TX.HY,name_exact
48221,USA.44.111_1,US.TX.HO,name_exact
48229,USA.44.115_1,US.TX.HU,name_exact
48231,USA.44.116_1,US.TX.HT,name_exact
48251,USA.44.126_1,US.TX.JH,name_exact
48257,USA.44.129_1,US.TX.KU,name_exact
48259,USA.44.130_1,US.TX.KD,name_exact
48291,USA.44.146_1,US.TX.LT,name_exact
48325,USA.44.163_1,US.TX.ME,name_exact
48339,USA.44.170_1,US.TX.MG,name_exact
48367,USA.44.184_1,US.TX.PR,name_exact
48397,USA.44.199_1,US.TX.RC,name_exact
48425,USA.44.213_1,US.TX.SV,name_exact
48439,USA.44.220_1,US.TX.TN,name_exact
48453,USA.44.227_1,US.TX.TV,name_exact
48473,USA.44.237_1,US.TX.WR,name_exact
48491,USA.44.246_1,US.TX.WM,name_exact
48493,USA.44.247_1,US.TX.WS,name_exact
48497,USA.44.249_1,US.TX.WE,name_exact
49035,USA.45.18_1,US.UT.SL,name_exact
49045,USA.45.23_1,US.UT.TE,name_exact
51007,USA.47.5_1,US.VA.AI,name_exact
51013,USA.47.8_1,US.VA.AR,name_exact
51033,USA.47.21_1,US.VA.CI,name_exact
51036,USA.47.23_1,US.VA.CC,name_exact
51041,USA.47.27_1,US.VA.CD,name_exact
51043,USA.47.28_1,US.VA.CK,name_exact
51047,USA.47.33_1,US.VA.CP,name_exact
51053,USA.47.37_1,US.VA.DN,name_exact
51059,USA.47.40_1,US.VA.FC,name_exact
51061,USA.47.43_1,US.VA.FQ,name_exact
51073,USA.47.51_1,US.VA.GL,name_exact
51075,USA.47.52_1,US.VA.GO,name_exact
51085,USA.47.58_1,US.VA.HV,name_exact
51087,USA.47.60_1,US.VA.HC,name_exact
51093,USA.47.64_1,US.VA.IS,name_exact
51095,USA.47.65_1,US.VA.JA,name_exact
51101,USA.47.68_1,US.VA.KW,name_exact
51107,USA.47.72_1,US.VA.LD,name_exact
51115,USA.47.80_1,US.VA.MT,name_exact
51127,USA.47.85_1,US.VA.NK,name_exact
51145,USA.47.99_1,US.VA.PH,name_exact
51149,USA.47.101_1,US.VA.PG,name_exact
51153,USA.47.102_1,US.VA.PW,name_exact
51157,USA.47.105_1,US.VA.RP,name_exact
51177,USA.47.117_1,US.VA.SP,name_exact
51179,USA.47.118_1,US.VA.SF,name_exact
51183,USA.47.122_1,US.VA.SS,name_exact
51187,USA.47.125_1,US.VA.WR,name_exact
51199,USA.47.133_1,US.VA.YO,name_exact
51510,USA.47.3_1,US.VA.AX,type_aware
51550,USA.47.26_1,US.VA.CS,type_aware
51570,USA.47.30_1,US.VA.CH,type_aware
51600,USA.47.41_1,US.VA.FC,name_exact
51610,USA.47.42_1,US.VA.FU,type_aware
51630,USA.47.48_1,US.VA.FB,type_aware
51650,USA.47.57_1,US.VA.HM,type_aware
51670,USA.47.63_1,US.VA.HW,type_aware
51683,USA.47.77_1,US.VA.MS,type_aware
51685,USA.47.78_1,US.VA.MP,type_aware
51700,USA.47.86_1,US.VA.NN,type_aware
51710,USA.47.87_1,US.VA.NF,type_aware
51730,USA.47.95_1,US.VA.PB,type_aware
51735,USA.47.97_1,US.VA.PQ,type_aware
51740,USA.47.98_1,US.VA.PR,type_aware
51760,USA.47.106_1,US.VA.RC,type_aware
51800,USA.47.120_1,US.VA.SO,type_aware
51810,USA.47.124_1,US.VA.VI,type_aware
51830,USA.47.129_1,US.VA.WL,type_aware
53011,USA.48.6_1,US.WA.CR,name_exact
53033,USA.48.17_1,US.WA.KN,name_exact
53053,USA.48.27_1,US.WA.PI,name_exact
53059,USA.48.30_1,US.WA.SM,name_exact
53061,USA.48.31_1,US.WA.SN,name_exact
54037,USA.49.19_1,US.WV.JE,name_exact
55021,USA.50.11_1,US.WI.CO,name_exact
55025,USA.50.13_1,US.WI.DA,name_exact
55045,USA.50.23_1,US.WI.GN,name_exact
55049,USA.50.25_1,US.WI.IO,name_exact
55059,USA.50.30_1,US.WI.KN,name_exact
55079,USA.50.43_1,US.WI.MU,name_exact
55089,USA.50.48_1,US.WI.OZ,name_exact
55093,USA.50.50_1,US.WI.PI,name_exact
55109,USA.50.58_1,US.WI.SI,name_exact
55131,USA.50.69_1,US.WI.WN,name_exact
55133,USA.50.70_1,US.WI.WK,name_exact
