audit_id,timestamp,action,metro_id,metro_name,county_fips,county_name,gid_before,gid_after,reviewer,reason,evidence_source,econ_def_version,gadm_version
1,2026-09-11 14:18:44,mark_missing,USM02,"Baltimore-Columbia-Towson, MD",24510,Baltimore city,,,科研助理(演示),GADM 4.1 无 Baltimore City 独立市几何，标注缺失留缺口,GADM 4.1 US county 层,Global_Cities_Definitions_Oct19,GADM 4.1
2,2026-09-11 14:18:44,mark_missing,USM23,"St. Louis, MO-IL",29510,St. Louis city,,,科研助理(演示),GADM 4.1 无 St. Louis City 独立市几何，标注缺失留缺口,GADM 4.1 US county 层,Global_Cities_Definitions_Oct19,GADM 4.1
3,2026-09-11 14:18:45,approve_metro,USM01,"Atlanta-Sandy Springs-Roswell, GA",,,,,科研助理(演示),机器匹配通过(name_exact/type_aware)，待黄丰老师终审,,Global_Cities_Definitions_Oct19,GADM 4.1
4,2026-09-11 14:18:45,approve_metro,USM02,"Baltimore-Columbia-Towson, MD",,,,,科研助理(演示),机器匹配通过(name_exact/type_aware)，待黄丰老师终审,,Global_Cities_Definitions_Oct19,GADM 4.1
5,2026-09-11 14:18:45,approve_metro,USM03,"Boston-Cambridge-Newton, MA-NH",,,,,科研助理(演示),机器匹配通过(name_exact/type_aware)，待黄丰老师终审,,Global_Cities_Definitions_Oct19,GADM 4.1
6,2026-09-11 14:18:45,approve_metro,USM04,"Charlotte-Concord-Gastonia, NC-SC",,,,,科研助理(演示),机器匹配通过(name_exact/type_aware)，待黄丰老师终审,,Global_Cities_Definitions_Oct19,GADM 4.1
7,2026-09-11 14:18:45,approve_metro,USM05,"Chicago-Naperville-Elgin, IL-IN-WI",,,,,科研助理(演示),机器匹配通过(name_exact/type_aware)，待黄丰老师终审,,Global_Cities_Definitions_Oct19,GADM 4.1
8,2026-09-11 14:18:45,approve_metro,USM06,"Dallas-Fort Worth-Arlington, TX",,,,,科研助理(演示),机器匹配通过(name_exact/type_aware)，待黄丰老师终审,,Global_Cities_Definitions_Oct19,GADM 4.1
9,2026-09-11 14:18:45,approve_metro,USM07,"Denver-Aurora-Lakewood, CO",,,,,科研助理(演示),机器匹配通过(name_exact/type_aware)，待黄丰老师终审,,Global_Cities_Definitions_Oct19,GADM 4.1
10,2026-09-11 14:18:45,approve_metro,USM08,"Detroit-Warren-Dearborn, MI",,,,,科研助理(演示),机器匹配通过(name_exact/type_aware)，待黄丰老师终审,,Global_Cities_Definitions_Oct19,GADM 4.1
11,2026-09-11 14:18:45,approve_metro,USM09,"Houston-The Woodlands-Sugar Land, TX",,,,,科研助理(演示),机器匹配通过(name_exact/type_aware)，待黄丰老师终审,,Global_Cities_Definitions_Oct19,GADM 4.1
12,2026-09-11 14:18:45,approve_metro,USM10,"Los Angeles-Long Beach-Anaheim, CA",,,,,科研助理(演示),机器匹配通过(name_exact/type_aware)，待黄丰老师终审,,Global_Cities_Definitions_Oct19,GADM 4.1
13,2026-09-11 14:18:45,approve_metro,USM100,"Charleston-North Charleston, SC",,,,,科研助理(演示),机器匹配通过(name_exact/type_aware)，待黄丰老师终审,,Global_Cities_Definitions_Oct19,GADM 4.1
14,2026-09-11 14:18:45,approve_metro,USM101,"Akron, OH",,,,,科研助理(演示),机器匹配通过(name_exact/type_aware)，待黄丰老师终审,,Global_Cities_Definitions_Oct19,GADM 4.1
15,2026-09-11 14:18:45,approve_metro,USM102,"Colorado Springs, CO",,,,,科研助理(演示),机器匹配通过(name_exact/type_aware)，待黄丰老师终审,,Global_Cities_Definitions_Oct19,GADM 4.1
16,2026-09-11 14:18:45,approve_metro,USM103,"Cape Coral-Fort Myers, FL",,,,,科研助理(演示),机器匹配通过(name_exact/type_aware)，待黄丰老师终审,,Global_Cities_Definitions_Oct19,GADM 4.1
17,2026-09-11 14:18:45,approve_metro,USM104,"Boise City, ID",,,,,科研助理(演示),机器匹配通过(name_exact/type_aware)，待黄丰老师终审,,Global_Cities_Definitions_Oct19,GADM 4.1
18,2026-09-11 14:18:45,approve_metro,USM105,"Syracuse, NY",,,,,科研助理(演示),机器匹配通过(name_exact/type_aware)，待黄丰老师终审,,Global_Cities_Definitions_Oct19,GADM 4.1
19,2026-09-11 14:18:45,approve_metro,USM106,"Winston-Salem, NC",,,,,科研助理(演示),机器匹配通过(name_exact/type_aware)，待黄丰老师终审,,Global_Cities_Definitions_Oct19,GADM 4.1
20,2026-09-11 14:18:45,approve_metro,USM107,"Wichita, KS",,,,,科研助理(演示),机器匹配通过(name_exact/type_aware)，待黄丰老师终审,,Global_Cities_Definitions_Oct19,GADM 4.1
21,2026-09-11 14:18:45,approve_metro,USM11,"Miami-Fort Lauderdale-West Palm Beach, FL",,,,,科研助理(演示),机器匹配通过(name_exact/type_aware)，待黄丰老师终审,,Global_Cities_Definitions_Oct19,GADM 4.1
22,2026-09-11 14:18:45,approve_metro,USM12,"Minneapolis-St. Paul-Bloomington, MN-WI",,,,,科研助理(演示),机器匹配通过(name_exact/type_aware)，待黄丰老师终审,,Global_Cities_Definitions_Oct19,GADM 4.1
23,2026-09-11 14:18:45,approve_metro,USM13,"New York-Newark-Jersey City, NY-NJ-PA",,,,,科研助理(演示),机器匹配通过(name_exact/type_aware)，待黄丰老师终审,,Global_Cities_Definitions_Oct19,GADM 4.1
24,2026-09-11 14:18:45,approve_metro,USM14,"Philadelphia-Camden-Wilmington, PA-NJ-DE-MD",,,,,科研助理(演示),机器匹配通过(name_exact/type_aware)，待黄丰老师终审,,Global_Cities_Definitions_Oct19,GADM 4.1
25,2026-09-11 14:18:45,approve_metro,USM15,"Phoenix-Mesa-Scottsdale, AZ",,,,,科研助理(演示),机器匹配通过(name_exact/type_aware)，待黄丰老师终审,,Global_Cities_Definitions_Oct19,GADM 4.1
26,2026-09-11 14:18:45,approve_metro,USM16,"Pittsburgh, PA",,,,,科研助理(演示),机器匹配通过(name_exact/type_aware)，待黄丰老师终审,,Global_Cities_Definitions_Oct19,GADM 4.1
27,2026-09-11 14:18:45,approve_metro,USM17,"Portland-Vancouver-Hillsboro, OR-WA",,,,,科研助理(演示),机器匹配通过(name_exact/type_aware)，待黄丰老师终审,,Global_Cities_Definitions_Oct19,GADM 4.1
28,2026-09-11 14:18:45,approve_metro,USM18,"Riverside-San Bernardino-Ontario, CA",,,,,科研助理(演示),机器匹配通过(name_exact/type_aware)，待黄丰老师终审,,Global_Cities_Definitions_Oct19,GADM 4.1
29,2026-09-11 14:18:45,approve_metro,USM19,"San Diego-Carlsbad, CA",,,,,科研助理(演示),机器匹配通过(name_exact/type_aware)，待黄丰老师终审,,Global_Cities_Definitions_Oct19,GADM 4.1
30,2026-09-11 14:18:45,approve_metro,USM20,"San Francisco-Oakland-Hayward, CA",,,,,科研助理(演示),机器匹配通过(name_exact/type_aware)，待黄丰老师终审,,Global_Cities_Definitions_Oct19,GADM 4.1
31,2026-09-11 14:18:45,approve_metro,USM21,"San Jose-Sunnyvale-Santa Clara, CA",,,,,科研助理(演示),机器匹配通过(name_exact/type_aware)，待黄丰老师终审,,Global_Cities_Definitions_Oct19,GADM 4.1
32,2026-09-11 14:18:45,approve_metro,USM22,"Seattle-Tacoma-Bellevue, WA",,,,,科研助理(演示),机器匹配通过(name_exact/type_aware)，待黄丰老师终审,,Global_Cities_Definitions_Oct19,GADM 4.1
33,2026-09-11 14:18:45,approve_metro,USM23,"St. Louis, MO-IL",,,,,科研助理(演示),机器匹配通过(name_exact/type_aware)，待黄丰老师终审,,Global_Cities_Definitions_Oct19,GADM 4.1
34,2026-09-11 14:18:45,approve_metro,USM24,"Tampa-St. Petersburg-Clearwater, FL",,,,,科研助理(演示),机器匹配通过(name_exact/type_aware)，待黄丰老师终审,,Global_Cities_Definitions_Oct19,GADM 4.1
35,2026-09-11 14:18:45,approve_metro,USM25,"Washington-Arlington-Alexandria, DC-VA-MD-WV",,,,,科研助理(演示),机器匹配通过(name_exact/type_aware)，待黄丰老师终审,,Global_Cities_Definitions_Oct19,GADM 4.1
36,2026-09-11 14:18:45,approve_metro,USM26,"Cleveland-Elyria, OH",,,,,科研助理(演示),机器匹配通过(name_exact/type_aware)，待黄丰老师终审,,Global_Cities_Definitions_Oct19,GADM 4.1
37,2026-09-11 14:18:45,approve_metro,USM27,"Orlando-Kissimmee-Sanford, FL",,,,,科研助理(演示),机器匹配通过(name_exact/type_aware)，待黄丰老师终审,,Global_Cities_Definitions_Oct19,GADM 4.1
38,2026-09-11 14:18:45,approve_metro,USM28,"Kansas City, MO-KS",,,,,科研助理(演示),机器匹配通过(name_exact/type_aware)，待黄丰老师终审,,Global_Cities_Definitions_Oct19,GADM 4.1
39,2026-09-11 14:18:45,approve_metro,USM29,"Cincinnati, OH-KY-IN",,,,,科研助理(演示),机器匹配通过(name_exact/type_aware)，待黄丰老师终审,,Global_Cities_Definitions_Oct19,GADM 4.1
40,2026-09-11 14:18:45,approve_metro,USM30,"Las Vegas-Henderson-Paradise, NV",,,,,科研助理(演示),机器匹配通过(name_exact/type_aware)，待黄丰老师终审,,Global_Cities_Definitions_Oct19,GADM 4.1
41,2026-09-11 14:18:45,approve_metro,USM31,"Austin-Round Rock, TX",,,,,科研助理(演示),机器匹配通过(name_exact/type_aware)，待黄丰老师终审,,Global_Cities_Definitions_Oct19,GADM 4.1
42,2026-09-11 14:18:45,approve_metro,USM32,"Buffalo-Cheektowaga-Niagara Falls, NY",,,,,科研助理(演示),机器匹配通过(name_exact/type_aware)，待黄丰老师终审,,Global_Cities_Definitions_Oct19,GADM 4.1
43,2026-09-11 14:18:45,approve_metro,USM33,"Columbus, OH",,,,,科研助理(演示),机器匹配通过(name_exact/type_aware)，待黄丰老师终审,,Global_Cities_Definitions_Oct19,GADM 4.1
44,2026-09-11 14:18:45,approve_metro,USM34,"El Paso, TX",,,,,科研助理(演示),机器匹配通过(name_exact/type_aware)，待黄丰老师终审,,Global_Cities_Definitions_Oct19,GADM 4.1
45,2026-09-11 14:18:45,approve_metro,USM35,"Urban Honolulu, HI",,,,,科研助理(演示),机器匹配通过(name_exact/type_aware)，待黄丰老师终审,,Global_Cities_Definitions_Oct19,GADM 4.1
46,2026-09-11 14:18:45,approve_metro,USM36,"Indianapolis-Carmel-Anderson, IN",,,,,科研助理(演示),机器匹配通过(name_exact/type_aware)，待黄丰老师终审,,Global_Cities_Definitions_Oct19,GADM 4.1
47,2026-09-11 14:18:45,approve_metro,USM37,"Jacksonville, FL",,,,,科研助理(演示),机器匹配通过(name_exact/type_aware)，待黄丰老师终审,,Global_Cities_Definitions_Oct19,GADM 4.1
48,2026-09-11 14:18:45,approve_metro,USM38,"Louisville/Jefferson County, KY-IN",,,,,科研助理(演示),机器匹配通过(name_exact/type_aware)，待黄丰老师终审,,Global_Cities_Definitions_Oct19,GADM 4.1
49,2026-09-11 14:18:45,approve_metro,USM39,"Memphis, TN-MS-AR",,,,,科研助理(演示),机器匹配通过(name_exact/type_aware)，待黄丰老师终审,,Global_Cities_Definitions_Oct19,GADM 4.1
50,2026-09-11 14:18:45,approve_metro,USM40,"Milwaukee-Waukesha-West Allis, WI",,,,,科研助理(演示),机器匹配通过(name_exact/type_aware)，待黄丰老师终审,,Global_Cities_Definitions_Oct19,GADM 4.1
51,2026-09-11 14:18:45,approve_metro,USM41,"Nashville-Davidson--Murfreesboro--Franklin, TN",,,,,科研助理(演示),机器匹配通过(name_exact/type_aware)，待黄丰老师终审,,Global_Cities_Definitions_Oct19,GADM 4.1
52,2026-09-11 14:18:45,approve_metro,USM42,"New Orleans-Metairie, LA",,,,,科研助理(演示),机器匹配通过(name_exact/type_aware)，待黄丰老师终审,,Global_Cities_Definitions_Oct19,GADM 4.1
53,2026-09-11 14:18:45,approve_metro,USM43,"Oklahoma City, OK",,,,,科研助理(演示),机器匹配通过(name_exact/type_aware)，待黄丰老师终审,,Global_Cities_Definitions_Oct19,GADM 4.1
54,2026-09-11 14:18:45,approve_metro,USM44,"Providence-Warwick, RI-MA",,,,,科研助理(演示),机器匹配通过(name_exact/type_aware)，待黄丰老师终审,,Global_Cities_Definitions_Oct19,GADM 4.1
55,2026-09-11 14:18:45,approve_metro,USM45,"Richmond, VA",,,,,科研助理(演示),机器匹配通过(name_exact/type_aware)，待黄丰老师终审,,Global_Cities_Definitions_Oct19,GADM 4.1
56,2026-09-11 14:18:45,approve_metro,USM46,"Sacramento--Roseville--Arden-Arcade, CA",,,,,科研助理(演示),机器匹配通过(name_exact/type_aware)，待黄丰老师终审,,Global_Cities_Definitions_Oct19,GADM 4.1
57,2026-09-11 14:18:45,approve_metro,USM47,"Salt Lake City, UT",,,,,科研助理(演示),机器匹配通过(name_exact/type_aware)，待黄丰老师终审,,Global_Cities_Definitions_Oct19,GADM 4.1
58,2026-09-11 14:18:45,approve_metro,USM48,"San Antonio-New Braunfels, TX",,,,,科研助理(演示),机器匹配通过(name_exact/type_aware)，待黄丰老师终审,,Global_Cities_Definitions_Oct19,GADM 4.1
59,2026-09-11 14:18:45,approve_metro,USM49,"Tucson, AZ",,,,,科研助理(演示),机器匹配通过(name_exact/type_aware)，待黄丰老师终审,,Global_Cities_Definitions_Oct19,GADM 4.1
60,2026-09-11 14:18:45,approve_metro,USM50,"Virginia Beach-Norfolk-Newport News, VA-NC",,,,,科研助理(演示),机器匹配通过(name_exact/type_aware)，待黄丰老师终审,,Global_Cities_Definitions_Oct19,GADM 4.1
61,2026-09-11 14:18:45,approve_metro,USM51,"Birmingham-Hoover, AL",,,,,科研助理(演示),机器匹配通过(name_exact/type_aware)，待黄丰老师终审,,Global_Cities_Definitions_Oct19,GADM 4.1
62,2026-09-11 14:18:45,approve_metro,USM52,"Bridgeport-Stamford-Norwalk, CT",,,,,科研助理(演示),机器匹配通过(name_exact/type_aware)，待黄丰老师终审,,Global_Cities_Definitions_Oct19,GADM 4.1
63,2026-09-11 14:18:45,approve_metro,USM53,"Durham-Chapel Hill, NC",,,,,科研助理(演示),机器匹配通过(name_exact/type_aware)，待黄丰老师终审,,Global_Cities_Definitions_Oct19,GADM 4.1
64,2026-09-11 14:18:45,approve_metro,USM54,"Hartford-West Hartford-East Hartford, CT",,,,,科研助理(演示),机器匹配通过(name_exact/type_aware)，待黄丰老师终审,,Global_Cities_Definitions_Oct19,GADM 4.1
65,2026-09-11 14:18:45,approve_metro,USM55,"Raleigh, NC",,,,,科研助理(演示),机器匹配通过(name_exact/type_aware)，待黄丰老师终审,,Global_Cities_Definitions_Oct19,GADM 4.1
66,2026-09-11 14:18:45,approve_metro,USM57,"Allentown-Bethlehem-Easton, PA-NJ",,,,,科研助理(演示),机器匹配通过(name_exact/type_aware)，待黄丰老师终审,,Global_Cities_Definitions_Oct19,GADM 4.1
67,2026-09-11 14:18:45,approve_metro,USM58,"Harrisburg-Carlisle, PA",,,,,科研助理(演示),机器匹配通过(name_exact/type_aware)，待黄丰老师终审,,Global_Cities_Definitions_Oct19,GADM 4.1
68,2026-09-11 14:18:45,approve_metro,USM59,"Oxnard-Thousand Oaks-Ventura, CA",,,,,科研助理(演示),机器匹配通过(name_exact/type_aware)，待黄丰老师终审,,Global_Cities_Definitions_Oct19,GADM 4.1
69,2026-09-11 14:18:45,approve_metro,USM60,"Stockton-Lodi, CA",,,,,科研助理(演示),机器匹配通过(name_exact/type_aware)，待黄丰老师终审,,Global_Cities_Definitions_Oct19,GADM 4.1
70,2026-09-11 14:18:45,approve_metro,USM62,"Knoxville, TN",,,,,科研助理(演示),机器匹配通过(name_exact/type_aware)，待黄丰老师终审,,Global_Cities_Definitions_Oct19,GADM 4.1
71,2026-09-11 14:18:45,approve_metro,USM64,"Albany-Schenectady-Troy, NY",,,,,科研助理(演示),机器匹配通过(name_exact/type_aware)，待黄丰老师终审,,Global_Cities_Definitions_Oct19,GADM 4.1
72,2026-09-11 14:18:45,approve_metro,USM65,"Albuquerque, NM",,,,,科研助理(演示),机器匹配通过(name_exact/type_aware)，待黄丰老师终审,,Global_Cities_Definitions_Oct19,GADM 4.1
73,2026-09-11 14:18:45,approve_metro,USM67,"Bakersfield, CA",,,,,科研助理(演示),机器匹配通过(name_exact/type_aware)，待黄丰老师终审,,Global_Cities_Definitions_Oct19,GADM 4.1
74,2026-09-11 14:18:45,approve_metro,USM68,"Dayton, OH",,,,,科研助理(演示),机器匹配通过(name_exact/type_aware)，待黄丰老师终审,,Global_Cities_Definitions_Oct19,GADM 4.1
75,2026-09-11 14:18:45,approve_metro,USM69,"Fresno, CA",,,,,科研助理(演示),机器匹配通过(name_exact/type_aware)，待黄丰老师终审,,Global_Cities_Definitions_Oct19,GADM 4.1
76,2026-09-11 14:18:45,approve_metro,USM70,"Greensboro-High Point, NC",,,,,科研助理(演示),机器匹配通过(name_exact/type_aware)，待黄丰老师终审,,Global_Cities_Definitions_Oct19,GADM 4.1
77,2026-09-11 14:18:45,approve_metro,USM71,"Greenville-Anderson-Mauldin, SC",,,,,科研助理(演示),机器匹配通过(name_exact/type_aware)，待黄丰老师终审,,Global_Cities_Definitions_Oct19,GADM 4.1
78,2026-09-11 14:18:45,approve_metro,USM72,"Toledo, OH",,,,,科研助理(演示),机器匹配通过(name_exact/type_aware)，待黄丰老师终审,,Global_Cities_Definitions_Oct19,GADM 4.1
79,2026-09-11 14:18:45,approve_metro,USM73,"Tulsa, OK",,,,,科研助理(演示),机器匹配通过(name_exact/type_aware)，待黄丰老师终审,,Global_Cities_Definitions_Oct19,GADM 4.1
80,2026-09-11 14:18:45,approve_metro,USM78,"Rochester, NY",,,,,科研助理(演示),机器匹配通过(name_exact/type_aware)，待黄丰老师终审,,Global_Cities_Definitions_Oct19,GADM 4.1
81,2026-09-11 14:18:45,approve_metro,USM79,"Grand Rapids-Wyoming, MI",,,,,科研助理(演示),机器匹配通过(name_exact/type_aware)，待黄丰老师终审,,Global_Cities_Definitions_Oct19,GADM 4.1
82,2026-09-11 14:18:45,approve_metro,USM80,"Worcester, MA-CT",,,,,科研助理(演示),机器匹配通过(name_exact/type_aware)，待黄丰老师终审,,Global_Cities_Definitions_Oct19,GADM 4.1
83,2026-09-11 14:18:45,approve_metro,USM81,"Omaha-Council Bluffs, NE-IA",,,,,科研助理(演示),机器匹配通过(name_exact/type_aware)，待黄丰老师终审,,Global_Cities_Definitions_Oct19,GADM 4.1
84,2026-09-11 14:18:45,approve_metro,USM82,"New Haven-Milford, CT",,,,,科研助理(演示),机器匹配通过(name_exact/type_aware)，待黄丰老师终审,,Global_Cities_Definitions_Oct19,GADM 4.1
85,2026-09-11 14:18:45,approve_metro,USM84,"Baton Rouge, LA",,,,,科研助理(演示),机器匹配通过(name_exact/type_aware)，待黄丰老师终审,,Global_Cities_Definitions_Oct19,GADM 4.1
86,2026-09-11 14:18:45,approve_metro,USM85,"Columbia, SC",,,,,科研助理(演示),机器匹配通过(name_exact/type_aware)，待黄丰老师终审,,Global_Cities_Definitions_Oct19,GADM 4.1
87,2026-09-11 14:18:45,approve_metro,USM86,"North Port-Sarasota-Bradenton, FL",,,,,科研助理(演示),机器匹配通过(name_exact/type_aware)，待黄丰老师终审,,Global_Cities_Definitions_Oct19,GADM 4.1
88,2026-09-11 14:18:45,approve_metro,USM87,"Little Rock-North Little Rock-Conway, AR",,,,,科研助理(演示),机器匹配通过(name_exact/type_aware)，待黄丰老师终审,,Global_Cities_Definitions_Oct19,GADM 4.1
89,2026-09-11 14:18:45,approve_metro,USM88,"Madison, WI",,,,,科研助理(演示),机器匹配通过(name_exact/type_aware)，待黄丰老师终审,,Global_Cities_Definitions_Oct19,GADM 4.1
90,2026-09-11 14:18:45,approve_metro,USM89,"Des Moines-West Des Moines, IA",,,,,科研助理(演示),机器匹配通过(name_exact/type_aware)，待黄丰老师终审,,Global_Cities_Definitions_Oct19,GADM 4.1
