metro_id,metro_name,version,n_approved,n_replaced,n_added,n_deleted,n_confirmed_missing,last_action,last_reviewer,last_time
USM01,"Atlanta-Sandy Springs-Roswell, GA",1,29,0,0,0,0,approve_metro,科研助理(演示),2026-09-11 14:18:45
USM02,"Baltimore-Columbia-Towson, MD",2,6,0,0,0,1,approve_metro,科研助理(演示),2026-09-11 14:18:45
USM03,"Boston-Cambridge-Newton, MA-NH",1,7,0,0,0,0,approve_metro,科研助理(演示),2026-09-11 14:18:45
USM04,"Charlotte-Concord-Gastonia, NC-SC",1,10,0,0,0,0,approve_metro,科研助理(演示),2026-09-11 14:18:45
USM05,"Chicago-Naperville-Elgin, IL-IN-WI",1,14,0,0,0,0,approve_metro,科研助理(演示),2026-09-11 14:18:45
USM06,"Dallas-Fort Worth-Arlington, TX",1,13,0,0,0,0,approve_metro,科研助理(演示),2026-09-11 14:18:45
USM07,"Denver-Aurora-Lakewood, CO",1,10,0,0,0,0,approve_metro,科研助理(演示),2026-09-11 14:18:45
USM08,"Detroit-Warren-Dearborn, MI",1,6,0,0,0,0,approve_metro,科研助理(演示),2026-09-11 14:18:45
USM09,"Houston-The Woodlands-Sugar Land, TX",1,9,0,0,0,0,approve_metro,科研助理(演示),2026-09-11 14:18:45
USM10,"Los Angeles-Long Beach-Anaheim, CA",1,2,0,0,0,0,approve_metro,科研助理(演示),2026-09-11 14:18:45
USM100,"Charleston-North Charleston, SC",1,3,0,0,0,0,approve_metro,科研助理(演示),2026-09-11 14:18:45
USM101,"Akron, OH",1,2,0,0,0,0,approve_metro,科研助理(演示),2026-09-11 14:18:45
USM102,"Colorado Springs, CO",1,2,0,0,0,0,approve_metro,科研助理(演示),2026-09-11 14:18:45
USM103,"Cape Coral-Fort Myers, FL",1,1,0,0,0,0,approve_metro,科研助理(演示),2026-09-11 14:18:45
USM104,"Boise City, ID",1,5,0,0,0,0,approve_metro,科研助理(演示),2026-09-11 14:18:45
USM105,"Syracuse, NY",1,3,0,0,0,0,approve_metro,科研助理(演示),2026-09-11 14:18:45
USM106,"Winston-Salem, NC",1,5,0,0,0,0,approve_metro,科研助理(演示),2026-09-11 14:18:45
USM107,"Wichita, KS",1,5,0,0,0,0,approve_metro,科研助理(演示),2026-09-11 14:18:45
USM11,"Miami-Fort Lauderdale-West Palm Beach, FL",1,3,0,0,0,0,approve_metro,科研助理(演示),2026-09-11 14:18:45
USM12,"Minneapolis-St. Paul-Bloomington, MN-WI",1,16,0,0,0,0,approve_metro,科研助理(演示),2026-09-11 14:18:45
USM13,"New York-Newark-Jersey City, NY-NJ-PA",1,25,0,0,0,0,approve_metro,科研助理(演示),2026-09-11 14:18:45
USM14,"Philadelphia-Camden-Wilmington, PA-NJ-DE-MD",1,11,0,0,0,0,approve_metro,科研助理(演示),2026-09-11 14:18:45
USM15,"Phoenix-Mesa-Scottsdale, AZ",1,2,0,0,0,0,approve_metro,科研助理(演示),2026-09-11 14:18:45
USM16,"Pittsburgh, PA",1,7,0,0,0,0,approve_metro,科研助理(演示),2026-09-11 14:18:45
USM17,"Portland-Vancouver-Hillsboro, OR-WA",1,7,0,0,0,0,approve_metro,科研助理(演示),2026-09-11 14:18:45
USM18,"Riverside-San Bernardino-Ontario, CA",1,2,0,0,0,0,approve_metro,科研助理(演示),2026-09-11 14:18:45
USM19,"San Diego-Carlsbad, CA",1,1,0,0,0,0,approve_metro,科研助理(演示),2026-09-11 14:18:45
USM20,"San Francisco-Oakland-Hayward, CA",1,5,0,0,0,0,approve_metro,科研助理(演示),2026-09-11 14:18:45
USM21,"San Jose-Sunnyvale-Santa Clara, CA",1,2,0,0,0,0,approve_metro,科研助理(演示),2026-09-11 14:18:45
USM22,"Seattle-Tacoma-Bellevue, WA",1,3,0,0,0,0,approve_metro,科研助理(演示),2026-09-11 14:18:45
USM23,"St. Louis, MO-IL",2,14,0,0,0,1,approve_metro,科研助理(演示),2026-09-11 14:18:45
USM24,"Tampa-St. Petersburg-Clearwater, FL",1,4,0,0,0,0,approve_metro,科研助理(演示),2026-09-11 14:18:45
USM25,"Washington-Arlington-Alexandria, DC-VA-MD-WV",1,24,0,0,0,0,approve_metro,科研助理(演示),2026-09-11 14:18:45
USM26,"Cleveland-Elyria, OH",1,5,0,0,0,0,approve_metro,科研助理(演示),2026-09-11 14:18:45
USM27,"Orlando-Kissimmee-Sanford, FL",1,4,0,0,0,0,approve_metro,科研助理(演示),2026-09-11 14:18:45
USM28,"Kansas City, MO-KS",1,14,0,0,0,0,approve_metro,科研助理(演示),2026-09-11 14:18:45
USM29,"Cincinnati, OH-KY-IN",1,15,0,0,0,0,approve_metro,科研助理(演示),2026-09-11 14:18:45
USM30,"Las Vegas-Henderson-Paradise, NV",1,1,0,0,0,0,approve_metro,科研助理(演示),2026-09-11 14:18:45
USM31,"Austin-Round Rock, TX",1,5,0,0,0,0,approve_metro,科研助理(演示),2026-09-11 14:18:45
USM32,"Buffalo-Cheektowaga-Niagara Falls, NY",1,2,0,0,0,0,approve_metro,科研助理(演示),2026-09-11 14:18:45
USM33,"Columbus, OH",1,10,0,0,0,0,approve_metro,科研助理(演示),2026-09-11 14:18:45
USM34,"El Paso, TX",1,2,0,0,0,0,approve_metro,科研助理(演示),2026-09-11 14:18:45
USM35,"Urban Honolulu, HI",1,1,0,0,0,0,approve_metro,科研助理(演示),2026-09-11 14:18:45
USM36,"Indianapolis-Carmel-Anderson, IN",1,11,0,0,0,0,approve_metro,科研助理(演示),2026-09-11 14:18:45
USM37,"Jacksonville, FL",1,5,0,0,0,0,approve_metro,科研助理(演示),2026-09-11 14:18:45
USM38,"Louisville/Jefferson County, KY-IN",1,12,0,0,0,0,approve_metro,科研助理(演示),2026-09-11 14:18:45
USM39,"Memphis, TN-MS-AR",1,9,0,0,0,0,approve_metro,科研助理(演示),2026-09-11 14:18:45
USM40,"Milwaukee-Waukesha-West Allis, WI",1,4,0,0,0,0,approve_metro,科研助理(演示),2026-09-11 14:18:45
USM41,"Nashville-Davidson--Murfreesboro--Franklin, TN",1,14,0,0,0,0,approve_metro,科研助理(演示),2026-09-11 14:18:45
USM42,"New Orleans-Metairie, LA",1,8,0,0,0,0,approve_metro,科研助理(演示),2026-09-11 14:18:45
USM43,"Oklahoma City, OK",1,7,0,0,0,0,approve_metro,科研助理(演示),2026-09-11 14:18:45
USM44,"Providence-Warwick, RI-MA",1,6,0,0,0,0,approve_metro,科研助理(演示),2026-09-11 14:18:45
USM45,"Richmond, VA",1,17,0,0,0,0,approve_metro,科研助理(演示),2026-09-11 14:18:45
USM46,"Sacramento--Roseville--Arden-Arcade, CA",1,4,0,0,0,0,approve_metro,科研助理(演示),2026-09-11 14:18:45
USM47,"Salt Lake City, UT",1,2,0,0,0,0,approve_metro,科研助理(演示),2026-09-11 14:18:45
USM48,"San Antonio-New Braunfels, TX",1,8,0,0,0,0,approve_metro,科研助理(演示),2026-09-11 14:18:45
USM49,"Tucson, AZ",1,1,0,0,0,0,approve_metro,科研助理(演示),2026-09-11 14:18:45
USM50,"Virginia Beach-Norfolk-Newport News, VA-NC",1,16,0,0,0,0,approve_metro,科研助理(演示),2026-09-11 14:18:45
USM51,"Birmingham-Hoover, AL",1,7,0,0,0,0,approve_metro,科研助理(演示),2026-09-11 14:18:45
USM52,"Bridgeport-Stamford-Norwalk, CT",1,1,0,0,0,0,approve_metro,科研助理(演示),2026-09-11 14:18:45
USM53,"Durham-Chapel Hill, NC",1,4,0,0,0,0,approve_metro,科研助理(演示),2026-09-11 14:18:45
USM54,"Hartford-West Hartford-East Hartford, CT",1,3,0,0,0,0,approve_metro,科研助理(演示),2026-09-11 14:18:45
USM55,"Raleigh, NC",1,3,0,0,0,0,approve_metro,科研助理(演示),2026-09-11 14:18:45
USM57,"Allentown-Bethlehem-Easton, PA-NJ",1,4,0,0,0,0,approve_metro,科研助理(演示),2026-09-11 14:18:45
USM58,"Harrisburg-Carlisle, PA",1,3,0,0,0,0,approve_metro,科研助理(演示),2026-09-11 14:18:45
USM59,"Oxnard-Thousand Oaks-Ventura, CA",1,1,0,0,0,0,approve_metro,科研助理(演示),2026-09-11 14:18:45
USM60,"Stockton-Lodi, CA",1,1,0,0,0,0,approve_metro,科研助理(演示),2026-09-11 14:18:45
USM62,"Knoxville, TN",1,9,0,0,0,0,approve_metro,科研助理(演示),2026-09-11 14:18:45
USM64,"Albany-Schenectady-Troy, NY",1,5,0,0,0,0,approve_metro,科研助理(演示),2026-09-11 14:18:45
USM65,"Albuquerque, NM",1,4,0,0,0,0,approve_metro,科研助理(演示),2026-09-11 14:18:45
USM67,"Bakersfield, CA",1,1,0,0,0,0,approve_metro,科研助理(演示),2026-09-11 14:18:45
USM68,"Dayton, OH",1,3,0,0,0,0,approve_metro,科研助理(演示),2026-09-11 14:18:45
USM69,"Fresno, CA",1,1,0,0,0,0,approve_metro,科研助理(演示),2026-09-11 14:18:45
USM70,"Greensboro-High Point, NC",1,3,0,0,0,0,approve_metro,科研助理(演示),2026-09-11 14:18:45
USM71,"Greenville-Anderson-Mauldin, SC",1,4,0,0,0,0,approve_metro,科研助理(演示),2026-09-11 14:18:45
USM72,"Toledo, OH",1,3,0,0,0,0,approve_metro,科研助理(演示),2026-09-11 14:18:45
USM73,"Tulsa, OK",1,7,0,0,0,0,approve_metro,科研助理(演示),2026-09-11 14:18:45
USM78,"Rochester, NY",1,6,0,0,0,0,approve_metro,科研助理(演示),2026-09-11 14:18:45
USM79,"Grand Rapids-Wyoming, MI",1,4,0,0,0,0,approve_metro,科研助理(演示),2026-09-11 14:18:45
USM80,"Worcester, MA-CT",1,2,0,0,0,0,approve_metro,科研助理(演示),2026-09-11 14:18:45
USM81,"Omaha-Council Bluffs, NE-IA",1,8,0,0,0,0,approve_metro,科研助理(演示),2026-09-11 14:18:45
USM82,"New Haven-Milford, CT",1,1,0,0,0,0,approve_metro,科研助理(演示),2026-09-11 14:18:45
USM84,"Baton Rouge, LA",1,9,0,0,0,0,approve_metro,科研助理(演示),2026-09-11 14:18:45
USM85,"Columbia, SC",1,6,0,0,0,0,approve_metro,科研助理(演示),2026-09-11 14:18:45
USM86,"North Port-Sarasota-Bradenton, FL",1,2,0,0,0,0,approve_metro,科研助理(演示),2026-09-11 14:18:45
USM87,"Little Rock-North Little Rock-Conway, AR",1,6,0,0,0,0,approve_metro,科研助理(演示),2026-09-11 14:18:45
USM88,"Madison, WI",1,4,0,0,0,0,approve_metro,科研助理(演示),2026-09-11 14:18:45
USM89,"Des Moines-West Des Moines, IA",1,5,0,0,0,0,approve_metro,科研助理(演示),2026-09-11 14:18:45
