gid_1,name_1,type_1,hasc_1,name_1_norm,n_municipios
BRA.1_1,Acre,Estado,BR.AC,acre,22
BRA.2_1,Alagoas,Estado,BR.AL,alagoas,102
BRA.3_1,Amapá,Estado,BR.AP,amapa,16
BRA.4_1,Amazonas,Estado,BR.AM,amazonas,62
BRA.5_1,Bahia,Estado,BR.BA,bahia,417
BRA.6_1,Ceará,Estado,BR.CE,ceara,184
BRA.7_1,DistritoFederal,DistritoFederal,BR.DF,distritofederal,1
BRA.8_1,EspíritoSanto,Estado,BR.ES,espiritosanto,78
BRA.9_1,Goiás,Estado,BR.GO,goias,246
BRA.10_1,Maranhão,Estado,BR.MA,maranhao,217
BRA.12_1,MatoGrosso,Estado,BR.MT,matogrosso,141
BRA.11_1,MatoGrossodoSul,Estado,BR.MS,matogrossodosul,79
BRA.13_1,MinasGerais,Estado,BR.MG,minasgerais,853
BRA.14_1,Pará,Estado,BR.PA,para,144
BRA.15_1,Paraíba,Estado,BR.PB,paraiba,223
BRA.16_1,Paraná,Estado,BR.PR,parana,399
BRA.17_1,Pernambuco,Estado,BR.PE,pernambuco,185
BRA.18_1,Piauí,Estado,BR.PI,piaui,224
BRA.19_1,RiodeJaneiro,Estado,BR.RJ,riodejaneiro,92
BRA.20_1,RioGrandedoNorte,Estado,BR.RN,riograndedonorte,167
BRA.21_1,RioGrandedoSul,Estado,BR.RS,riograndedosul,499
BRA.22_1,Rondônia,Estado,BR.RO,rondonia,52
BRA.23_1,Roraima,Estado,BR.RR,roraima,15
BRA.24_1,SantaCatarina,Estado,BR.SC,santacatarina,295
BRA.25_1,SãoPaulo,Estado,BR.SP,saopaulo,645
BRA.26_1,Sergipe,Estado,BR.SE,sergipe,75
BRA.27_1,Tocantins,Estado,BR.TO,tocantins,139
