gid_1,name_1,type_1,hasc_1,name_1_norm
JPN.1_1,Aichi,Ken,JP.AI,aichi
JPN.2_1,Akita,Ken,JP.AK,akita
JPN.3_1,Aomori,Ken,JP.AO,aomori
JPN.4_1,Chiba,Ken,JP.CH,chiba
JPN.5_1,Ehime,Ken,JP.EH,ehime
JPN.6_1,Fukui,Ken,JP.FI,fukui
JPN.7_1,Fukuoka,Ken,JP.FO,fukuoka
JPN.8_1,Fukushima,Ken,JP.FS,fukushima
JPN.9_1,Gifu,Ken,JP.GF,gifu
JPN.10_1,Gunma,Ken,JP.GM,gunma
JPN.11_1,Hiroshima,Ken,JP.HS,hiroshima
JPN.12_1,Hokkaido,Do,JP.HK,hokkaido
JPN.13_1,Hyōgo,Ken,JP.HG,hyogo
JPN.14_1,Ibaraki,Ken,JP.IB,ibaraki
JPN.15_1,Ishikawa,Ken,JP.IS,ishikawa
JPN.16_1,Iwate,Ken,JP.IW,iwate
JPN.17_1,Kagawa,Ken,JP.KG,kagawa
JPN.18_1,Kagoshima,Ken,JP.KS,kagoshima
JPN.19_1,Kanagawa,Ken,JP.KN,kanagawa
JPN.20_1,Kochi,Ken,JP.KC,kochi
JPN.21_1,Kumamoto,Ken,JP.KM,kumamoto
JPN.22_1,Kyoto,Fu,JP.KY,kyoto
JPN.23_1,Mie,Ken,JP.ME,mie
JPN.24_1,Miyagi,Ken,JP.MG,miyagi
JPN.25_1,Miyazaki,Ken,JP.MZ,miyazaki
JPN.26_1,Nagano,Ken,JP.NN,nagano
JPN.27_1,Naoasaki,Ken,JP.NS,naoasaki
JPN.28_1,Nara,Ken,JP.NR,nara
JPN.29_1,Niigata,Ken,JP.NI,niigata
JPN.30_1,Oita,Ken,JP.OT,oita
JPN.31_1,Okayama,Ken,JP.OY,okayama
JPN.32_1,Okinawa,Ken,JP.ON,okinawa
JPN.33_1,Osaka,Fu,JP.OS,osaka
JPN.34_1,Saga,Ken,JP.SG,saga
JPN.35_1,Saitama,Ken,JP.ST,saitama
JPN.36_1,Shiga,Ken,JP.SH,shiga
JPN.37_1,Shimane,Ken,JP.SM,shimane
JPN.38_1,Shizuoka,Ken,JP.SZ,shizuoka
JPN.39_1,Tochigi,Ken,JP.TC,tochigi
JPN.40_1,Tokushima,Ken,JP.TS,tokushima
JPN.41_1,Tokyo,To,JP.TK,tokyo
JPN.42_1,Tottori,Ken,JP.TT,tottori
JPN.43_1,Toyama,Ken,JP.TY,toyama
JPN.44_1,Wakayama,Ken,JP.WK,wakayama
JPN.45_1,Yamagata,Ken,JP.YT,yamagata
JPN.46_1,Yamaguchi,Ken,JP.YC,yamaguchi
JPN.47_1,Yamanashi,Ken,JP.YN,yamanashi
