gid_2,gid_1,pref_name,muni_name,type_2,muni_norm,is_nonmunicipal
JPN.1.1_1,JPN.1_1,Aichi,Agui,Machi,agui,
JPN.1.2_1,JPN.1_1,Aichi,Aisai,Shi,aisai,
JPN.1.3_1,JPN.1_1,Aichi,Anjō,Shi,anjo,
JPN.1.4_1,JPN.1_1,Aichi,Chiryū,Shi,chiryu,
JPN.1.5_1,JPN.1_1,Aichi,Chita,Shi,chita,
JPN.1.6_1,JPN.1_1,Aichi,Fusō,Machi,fuso,
JPN.1.7_1,JPN.1_1,Aichi,Gamagōri,Shi,gamagori,
JPN.1.8_1,JPN.1_1,Aichi,Handa,Shi,handa,
JPN.1.9_1,JPN.1_1,Aichi,Haruhi,Machi,haruhi,
JPN.1.10_1,JPN.1_1,Aichi,Hazu,Machi,hazu,
JPN.1.11_1,JPN.1_1,Aichi,Hekinan,Shi,hekinan,
JPN.1.12_1,JPN.1_1,Aichi,Higashiura,Machi,higashiura,
JPN.1.13_1,JPN.1_1,Aichi,Ichinomiya/Owari-ichinomiya,Shi,ichinomiyaowariichinomiya,
JPN.1.14_1,JPN.1_1,Aichi,Inazawa,Shi,inazawa,
JPN.1.15_1,JPN.1_1,Aichi,Inuyama,Shi,inuyama,
JPN.1.16_1,JPN.1_1,Aichi,Isshiki,Machi,isshiki,
JPN.1.17_1,JPN.1_1,Aichi,Iwakura,Shi,iwakura,
JPN.1.18_1,JPN.1_1,Aichi,Jimokuji,Machi,jimokuji,
JPN.1.19_1,JPN.1_1,Aichi,Kanie,Machi,kanie,
JPN.1.20_1,JPN.1_1,Aichi,Kariya,Shi,kariya,
JPN.1.21_1,JPN.1_1,Aichi,Kasugai,Shi,kasugai,
JPN.1.22_1,JPN.1_1,Aichi,Kira,Machi,kira,
JPN.1.23_1,JPN.1_1,Aichi,Kisosaki,Machi,kisosaki,
JPN.1.24_1,JPN.1_1,Aichi,Kitanagoya,Shi,kitanagoya,
JPN.1.25_1,JPN.1_1,Aichi,Kiyosu,Shi,kiyosu,
JPN.1.26_1,JPN.1_1,Aichi,Komaki,Shi,komaki,
JPN.1.27_1,JPN.1_1,Aichi,Kōnan,Shi,konan,
JPN.1.28_1,JPN.1_1,Aichi,Kōta,Machi,kota,
JPN.1.29_1,JPN.1_1,Aichi,Kozakai,Machi,kozakai,
JPN.1.30_1,JPN.1_1,Aichi,Mihama,Machi,mihama,
JPN.1.31_1,JPN.1_1,Aichi,Minamichita,Machi,minamichita,
JPN.1.32_1,JPN.1_1,Aichi,Mito,Machi,mito,
JPN.1.33_1,JPN.1_1,Aichi,Miwa,Machi,miwa,
JPN.1.34_1,JPN.1_1,Aichi,Miyoshi,Machi,miyoshi,
JPN.1.35_1,JPN.1_1,Aichi,Nagakute,Machi,nagakute,
JPN.1.36_1,JPN.1_1,Aichi,Nagoya,Shi,nagoya,
JPN.1.37_1,JPN.1_1,Aichi,Nishio,Shi,nishio,
JPN.1.38_1,JPN.1_1,Aichi,Nisshin,Shi,nisshin,
JPN.1.39_1,JPN.1_1,Aichi,Ōbu,Shi,obu,
JPN.1.40_1,JPN.1_1,Aichi,Ōguchi,Machi,oguchi,
JPN.1.41_1,JPN.1_1,Aichi,Ōharu,Machi,oharu,
JPN.1.42_1,JPN.1_1,Aichi,Okazaki,Shi,okazaki,
JPN.1.43_1,JPN.1_1,Aichi,Otowa,Machi,otowa,
JPN.1.44_1,JPN.1_1,Aichi,Owariasahi,Shi,owariasahi,
JPN.1.45_1,JPN.1_1,Aichi,Seto,Shi,seto,
JPN.1.46_1,JPN.1_1,Aichi,Shinshiro,Shi,shinshiro,
JPN.1.47_1,JPN.1_1,Aichi,Shippō,Machi,shippo,
JPN.1.48_1,JPN.1_1,Aichi,Shitara,Machi,shitara,
JPN.1.49_1,JPN.1_1,Aichi,Tahara,Shi,tahara,
JPN.1.50_1,JPN.1_1,Aichi,Takahama,Shi,takahama,
JPN.1.51_1,JPN.1_1,Aichi,Taketoyo,Machi,taketoyo,
JPN.1.52_1,JPN.1_1,Aichi,Tobishima,Mura,tobishima,
JPN.1.53_1,JPN.1_1,Aichi,Tōei,Machi,toei,
JPN.1.54_1,JPN.1_1,Aichi,Tōgō,Machi,togo,
JPN.1.55_1,JPN.1_1,Aichi,Tōkai,Shi,tokai,
JPN.1.56_1,JPN.1_1,Aichi,Tokoname,Shi,tokoname,
JPN.1.57_1,JPN.1_1,Aichi,Toyoake,Shi,toyoake,
JPN.1.58_1,JPN.1_1,Aichi,Toyohashi,Shi,toyohashi,
JPN.1.59_1,JPN.1_1,Aichi,Toyokawa,Shi,toyokawa,
JPN.1.60_1,JPN.1_1,Aichi,Toyone,Mura,toyone,
JPN.1.61_1,JPN.1_1,Aichi,Toyota,Shi,toyota,
JPN.1.62_1,JPN.1_1,Aichi,Toyoyama,Machi,toyoyama,
JPN.1.63_1,JPN.1_1,Aichi,Tsushima,Shi,tsushima,
JPN.1.64_1,JPN.1_1,Aichi,Yatomi,Shi,yatomi,
JPN.2.1_1,JPN.2_1,Akita,Akita,Shi,akita,
JPN.2.2_1,JPN.2_1,Akita,Daisen,Shi,daisen,
JPN.2.3_1,JPN.2_1,Akita,Fujisato,Machi,fujisato,
JPN.2.4_1,JPN.2_1,Akita,Gojōme,Machi,gojome,
JPN.2.5_1,JPN.2_1,Akita,Hachirōgata,Machi,hachirogata,
JPN.2.6_1,JPN.2_1,Akita,Happō,Machi,happo,
JPN.2.7_1,JPN.2_1,Akita,Higashinaruse,Mura,higashinaruse,
JPN.2.8_1,JPN.2_1,Akita,Ikawa,Machi,ikawa,
JPN.2.9_1,JPN.2_1,Akita,Kamikoani,Mura,kamikoani,
JPN.2.10_1,JPN.2_1,Akita,Katagami,Shi,katagami,
JPN.2.11_1,JPN.2_1,Akita,Kazuno,Shi,kazuno,
JPN.2.12_1,JPN.2_1,Akita,Kitaakita,Shi,kitaakita,
JPN.2.13_1,JPN.2_1,Akita,Kosaka,Machi,kosaka,
JPN.2.14_1,JPN.2_1,Akita,Misato,Machi,misato,
JPN.2.15_1,JPN.2_1,Akita,Mitane,Machi,mitane,
JPN.2.16_1,JPN.2_1,Akita,Nikaho,Shi,nikaho,
JPN.2.17_1,JPN.2_1,Akita,Noshiro,Shi,noshiro,
JPN.2.18_1,JPN.2_1,Akita,Ōdate,Shi,odate,
JPN.2.19_1,JPN.2_1,Akita,Oga,Shi,oga,
JPN.2.20_1,JPN.2_1,Akita,Ōgata,Mura,ogata,
JPN.2.21_1,JPN.2_1,Akita,Semboku,Machi,semboku,
JPN.2.22_1,JPN.2_1,Akita,Ugo,Machi,ugo,
JPN.2.23_1,JPN.2_1,Akita,Yokote,Shi,yokote,
JPN.2.24_1,JPN.2_1,Akita,Yurihonjō,Shi,yurihonjo,
JPN.2.25_1,JPN.2_1,Akita,Yuzawa,Shi,yuzawa,
JPN.3.1_1,JPN.3_1,Aomori,Ajigasawa,Machi,ajigasawa,
JPN.3.2_1,JPN.3_1,Aomori,Aomori,Shi,aomori,
JPN.3.3_1,JPN.3_1,Aomori,Fujisaki,Machi,fujisaki,
JPN.3.4_1,JPN.3_1,Aomori,Fukaura,Machi,fukaura,
JPN.3.5_1,JPN.3_1,Aomori,Gonohe,Machi,gonohe,
JPN.3.6_1,JPN.3_1,Aomori,Goshogawara,Shi,goshogawara,
JPN.3.7_1,JPN.3_1,Aomori,Hachinohe,Shi,hachinohe,
JPN.3.8_1,JPN.3_1,Aomori,Hashikami,Machi,hashikami,
JPN.3.9_1,JPN.3_1,Aomori,Higashidōri,Mura,higashidori,
JPN.3.10_1,JPN.3_1,Aomori,Hirakawa,Shi,hirakawa,
JPN.3.11_1,JPN.3_1,Aomori,Hiranai,Machi,hiranai,
JPN.3.12_1,JPN.3_1,Aomori,Hirosaki,Shi,hirosaki,
JPN.3.13_1,JPN.3_1,Aomori,Imabetsu,Machi,imabetsu,
JPN.3.14_1,JPN.3_1,Aomori,Inakadate,Mura,inakadate,
JPN.3.15_1,JPN.3_1,Aomori,Itayanagi,Machi,itayanagi,
JPN.3.16_1,JPN.3_1,Aomori,Kazamaura,Mura,kazamaura,
JPN.3.17_1,JPN.3_1,Aomori,Kuroishi,Shi,kuroishi,
JPN.3.18_1,JPN.3_1,Aomori,Misawa,Shi,misawa,
JPN.3.19_1,JPN.3_1,Aomori,Mutsu,Shi,mutsu,
JPN.3.20_1,JPN.3_1,Aomori,Nakadomari,Machi,nakadomari,
JPN.3.21_1,JPN.3_1,Aomori,Nanbu,Machi,nanbu,
JPN.3.22_1,JPN.3_1,Aomori,Nishimeya,Mura,nishimeya,
JPN.3.23_1,JPN.3_1,Aomori,Noheji,Machi,noheji,
JPN.3.24_1,JPN.3_1,Aomori,Oirase,Machi,oirase,
JPN.3.25_1,JPN.3_1,Aomori,Ōma,Machi,oma,
JPN.3.26_1,JPN.3_1,Aomori,Ōwani,Machi,owani,
JPN.3.27_1,JPN.3_1,Aomori,Rokkasho,Mura,rokkasho,
JPN.3.28_1,JPN.3_1,Aomori,Rokunohe,Machi,rokunohe,
JPN.3.29_1,JPN.3_1,Aomori,Sai,Mura,sai,
JPN.3.30_1,JPN.3_1,Aomori,Sannohe,Machi,sannohe,
JPN.3.31_1,JPN.3_1,Aomori,Shichinohe,Machi,shichinohe,
JPN.3.32_1,JPN.3_1,Aomori,Shingō,Mura,shingo,
JPN.3.33_1,JPN.3_1,Aomori,Sotogahama,Machi,sotogahama,
JPN.3.34_1,JPN.3_1,Aomori,Takko,Machi,takko,
JPN.3.35_1,JPN.3_1,Aomori,Tōhoku,Machi,tohoku,
JPN.3.36_1,JPN.3_1,Aomori,Towada,Shi,towada,
JPN.3.37_1,JPN.3_1,Aomori,Tsugaru,Shi,tsugaru,
JPN.3.38_1,JPN.3_1,Aomori,Tsuruta,Machi,tsuruta,
JPN.3.39_1,JPN.3_1,Aomori,Yokohama,Machi,yokohama,
JPN.3.40_1,JPN.3_1,Aomori,Yomogita,Machi,yomogita,
JPN.4.1_1,JPN.4_1,Chiba,Abiko,Shi,abiko,
JPN.4.2_1,JPN.4_1,Chiba,Asahi,Shi,asahi,
JPN.4.3_1,JPN.4_1,Chiba,Chiba,Shi,chiba,
JPN.4.4_1,JPN.4_1,Chiba,Chōnan,Machi,chonan,
JPN.4.5_1,JPN.4_1,Chiba,Chōsei,Machi,chosei,
JPN.4.6_1,JPN.4_1,Chiba,Chōshi,Shi,choshi,
JPN.4.7_1,JPN.4_1,Chiba,Funabashi,Shi,funabashi,
JPN.4.8_1,JPN.4_1,Chiba,Futtsu,Shi,futtsu,
JPN.4.9_1,JPN.4_1,Chiba,Ichihara,Shi,ichihara,
JPN.4.10_1,JPN.4_1,Chiba,Ichikawa,Shi,ichikawa,
JPN.4.11_1,JPN.4_1,Chiba,Ichinomiya,Machi,ichinomiya,
JPN.4.12_1,JPN.4_1,Chiba,Inba,Machi,inba,
JPN.4.13_1,JPN.4_1,Chiba,Inzai,Shi,inzai,
JPN.4.14_1,JPN.4_1,Chiba,Isumi,Shi,isumi,
JPN.4.15_1,JPN.4_1,Chiba,Kamagaya,Shi,kamagaya,
JPN.4.16_1,JPN.4_1,Chiba,Kamogawa,Shi,kamogawa,
JPN.4.17_1,JPN.4_1,Chiba,Kashiwa,Shi,kashiwa,
JPN.4.18_1,JPN.4_1,Chiba,Katori,Shi,katori,
JPN.4.19_1,JPN.4_1,Chiba,Katsuura,Shi,katsuura,
JPN.4.20_1,JPN.4_1,Chiba,Kimitsu,Shi,kimitsu,
JPN.4.21_1,JPN.4_1,Chiba,Kisarazu,Shi,kisarazu,
JPN.4.22_1,JPN.4_1,Chiba,Kōzaki,Machi,kozaki,
JPN.4.23_1,JPN.4_1,Chiba,Kujūkuri,Machi,kujukuri,
JPN.4.24_1,JPN.4_1,Chiba,Kyonan,Machi,kyonan,
JPN.4.25_1,JPN.4_1,Chiba,Matsudo,Shi,matsudo,
JPN.4.26_1,JPN.4_1,Chiba,Minamibōsō,Shi,minamiboso,
JPN.4.27_1,JPN.4_1,Chiba,Mobara,Shi,mobara,
JPN.4.28_1,JPN.4_1,Chiba,Motono,Machi,motono,
JPN.4.29_1,JPN.4_1,Chiba,Mutsuzawa,Machi,mutsuzawa,
JPN.4.30_1,JPN.4_1,Chiba,Nagara,Machi,nagara,
JPN.4.31_1,JPN.4_1,Chiba,Nagareyama,Shi,nagareyama,
JPN.4.32_1,JPN.4_1,Chiba,Narashino,Shi,narashino,
JPN.4.33_1,JPN.4_1,Chiba,Narita,Shi,narita,
JPN.4.34_1,JPN.4_1,Chiba,Noda,Shi,noda,
JPN.4.35_1,JPN.4_1,Chiba,Ōamishirasato,Machi,oamishirasato,
JPN.4.36_1,JPN.4_1,Chiba,Onjuku,Machi,onjuku,
JPN.4.37_1,JPN.4_1,Chiba,Ōtaki,Machi,otaki,
JPN.4.38_1,JPN.4_1,Chiba,Sakae,Machi,sakae,
JPN.4.39_1,JPN.4_1,Chiba,Sakura,Shi,sakura,
JPN.4.40_1,JPN.4_1,Chiba,Sanmu,Shi,sanmu,
JPN.4.41_1,JPN.4_1,Chiba,Shibayama,Machi,shibayama,
JPN.4.42_1,JPN.4_1,Chiba,Shirako,Machi,shirako,
JPN.4.43_1,JPN.4_1,Chiba,Shiroi,Shi,shiroi,
JPN.4.44_1,JPN.4_1,Chiba,Shisui,Machi,shisui,
JPN.4.45_1,JPN.4_1,Chiba,Sodegaura,Shi,sodegaura,
JPN.4.46_1,JPN.4_1,Chiba,Sōsa,Shi,sosa,
JPN.4.47_1,JPN.4_1,Chiba,Tako,Machi,tako,
JPN.4.48_1,JPN.4_1,Chiba,Tateyama,Shi,tateyama,
JPN.4.49_1,JPN.4_1,Chiba,Tōgane,Shi,togane,
JPN.4.50_1,JPN.4_1,Chiba,Tomisato,Shi,tomisato,
JPN.4.51_1,JPN.4_1,Chiba,Tōnoshō,Machi,tonosho,
JPN.4.52_1,JPN.4_1,Chiba,Urayasu,Shi,urayasu,
JPN.4.53_1,JPN.4_1,Chiba,Yachimata,Shi,yachimata,
JPN.4.54_1,JPN.4_1,Chiba,Yachiyo,Shi,yachiyo,
JPN.4.55_1,JPN.4_1,Chiba,Yokoshibahikari,Machi,yokoshibahikari,
JPN.4.56_1,JPN.4_1,Chiba,Yotsukaido,Shi,yotsukaido,
JPN.5.1_1,JPN.5_1,Ehime,Ainan,Machi,ainan,
JPN.5.2_1,JPN.5_1,Ehime,Ikata,Machi,ikata,
JPN.5.3_1,JPN.5_1,Ehime,Imabari,Shi,imabari,
JPN.5.4_1,JPN.5_1,Ehime,Iyo,Shi,iyo,
JPN.5.5_1,JPN.5_1,Ehime,Kamijima,Machi,kamijima,
JPN.5.6_1,JPN.5_1,Ehime,Kihoku,Machi,kihoku,
JPN.5.7_1,JPN.5_1,Ehime,Kumakōgen,Machi,kumakogen,
JPN.5.8_1,JPN.5_1,Ehime,Masaki,Machi,masaki,
JPN.5.9_1,JPN.5_1,Ehime,Matsuno,Machi,matsuno,
JPN.5.10_1,JPN.5_1,Ehime,Matsuyama,Shi,matsuyama,
JPN.5.11_1,JPN.5_1,Ehime,Niihama,Shi,niihama,
JPN.5.12_1,JPN.5_1,Ehime,Ōzu,Shi,ozu,
JPN.5.13_1,JPN.5_1,Ehime,Saijō,Shi,saijo,
JPN.5.14_1,JPN.5_1,Ehime,Seiyo,Shi,seiyo,
JPN.5.15_1,JPN.5_1,Ehime,Shikokuchūō,Shi,shikokuchuo,
JPN.5.16_1,JPN.5_1,Ehime,Tobe,Machi,tobe,
JPN.5.17_1,JPN.5_1,Ehime,Tōon,Shi,toon,
JPN.5.18_1,JPN.5_1,Ehime,Uchiko,Machi,uchiko,
JPN.5.19_1,JPN.5_1,Ehime,Uwajima,Shi,uwajima,
JPN.5.20_1,JPN.5_1,Ehime,Yawatahama,Shi,yawatahama,
JPN.6.1_1,JPN.6_1,Fukui,Awara,Shi,awara,
JPN.6.2_1,JPN.6_1,Fukui,Echizen,Machi,echizen,
JPN.6.3_1,JPN.6_1,Fukui,EchizenCity,Shi,echizencity,
JPN.6.4_1,JPN.6_1,Fukui,Eiheiji,Machi,eiheiji,
JPN.6.5_1,JPN.6_1,Fukui,Fukui,Shi,fukui,
JPN.6.6_1,JPN.6_1,Fukui,Ikeda,Machi,ikeda,
JPN.6.7_1,JPN.6_1,Fukui,Katsuyama,Shi,katsuyama,
JPN.6.8_1,JPN.6_1,Fukui,Mihama,Machi,mihama,
JPN.6.9_1,JPN.6_1,Fukui,Minamiechizen,Machi,minamiechizen,
JPN.6.10_1,JPN.6_1,Fukui,Obama,Shi,obama,
JPN.6.11_1,JPN.6_1,Fukui,Ōi,Machi,oi,
JPN.6.12_1,JPN.6_1,Fukui,Ōno,Shi,ono,
JPN.6.13_1,JPN.6_1,Fukui,Sabae,Shi,sabae,
JPN.6.14_1,JPN.6_1,Fukui,SakaiCity,Shi,sakaicity,
JPN.6.15_1,JPN.6_1,Fukui,Takahama,Machi,takahama,
JPN.6.16_1,JPN.6_1,Fukui,Tsuruga,Shi,tsuruga,
JPN.6.17_1,JPN.6_1,Fukui,Wakasa,Machi,wakasa,
JPN.7.1_1,JPN.7_1,Fukuoka,Aka,Mura,aka,
JPN.7.2_1,JPN.7_1,Fukuoka,Asakura,Shi,asakura,
JPN.7.3_1,JPN.7_1,Fukuoka,Ashiya,Machi,ashiya,
JPN.7.4_1,JPN.7_1,Fukuoka,Buzen,Shi,buzen,
JPN.7.5_1,JPN.7_1,Fukuoka,Chikugo,Shi,chikugo,
JPN.7.6_1,JPN.7_1,Fukuoka,Chikujō,Machi,chikujo,
JPN.7.7_1,JPN.7_1,Fukuoka,Chikushino,Shi,chikushino,
JPN.7.8_1,JPN.7_1,Fukuoka,Chikuzen,Machi,chikuzen,
JPN.7.9_1,JPN.7_1,Fukuoka,Dazaifu,Shi,dazaifu,
JPN.7.10_1,JPN.7_1,Fukuoka,Fukuchi,Machi,fukuchi,
JPN.7.11_1,JPN.7_1,Fukuoka,Fukuoka,Shi,fukuoka,
JPN.7.12_1,JPN.7_1,Fukuoka,Fukutsu,Shi,fukutsu,
JPN.7.13_1,JPN.7_1,Fukuoka,Hirokawa,Machi,hirokawa,
JPN.7.14_1,JPN.7_1,Fukuoka,Hisayama,Machi,hisayama,
JPN.7.15_1,JPN.7_1,Fukuoka,Hoshino,Mura,hoshino,
JPN.7.16_1,JPN.7_1,Fukuoka,Iizuka,Shi,iizuka,
JPN.7.17_1,JPN.7_1,Fukuoka,Itoda,Machi,itoda,
JPN.7.18_1,JPN.7_1,Fukuoka,Kama,Shi,kama,
JPN.7.19_1,JPN.7_1,Fukuoka,Kanda,Machi,kanda,
JPN.7.20_1,JPN.7_1,Fukuoka,Kasuga,Shi,kasuga,
JPN.7.21_1,JPN.7_1,Fukuoka,Kasuya,Machi,kasuya,
JPN.7.22_1,JPN.7_1,Fukuoka,Kawara,Machi,kawara,
JPN.7.23_1,JPN.7_1,Fukuoka,Kawasaki,Machi,kawasaki,
JPN.7.24_1,JPN.7_1,Fukuoka,Keisen,Machi,keisen,
JPN.7.25_1,JPN.7_1,Fukuoka,Kitakyūshū,Shi,kitakyushu,
JPN.7.26_1,JPN.7_1,Fukuoka,Koga,Shi,koga,
JPN.7.27_1,JPN.7_1,Fukuoka,Kōge,Machi,koge,
JPN.7.28_1,JPN.7_1,Fukuoka,Kotake,Machi,kotake,
JPN.7.29_1,JPN.7_1,Fukuoka,Kurate,Machi,kurate,
JPN.7.30_1,JPN.7_1,Fukuoka,Kurogi,Machi,kurogi,
JPN.7.31_1,JPN.7_1,Fukuoka,Kurume,Shi,kurume,
JPN.7.32_1,JPN.7_1,Fukuoka,Maebaru,Shi,maebaru,
JPN.7.33_1,JPN.7_1,Fukuoka,Miyako,Machi,miyako,
JPN.7.34_1,JPN.7_1,Fukuoka,Miyama,Machi,miyama,
JPN.7.35_1,JPN.7_1,Fukuoka,Miyawaka,Shi,miyawaka,
JPN.7.36_1,JPN.7_1,Fukuoka,Mizumaki,Machi,mizumaki,
JPN.7.37_1,JPN.7_1,Fukuoka,Munakata,Shi,munakata,
JPN.7.38_1,JPN.7_1,Fukuoka,Nakagawa,Machi,nakagawa,
JPN.7.39_1,JPN.7_1,Fukuoka,Nakama,Shi,nakama,
JPN.7.40_1,JPN.7_1,Fukuoka,Nijō,Machi,nijo,
JPN.7.41_1,JPN.7_1,Fukuoka,Nōgata,Shi,nogata,
JPN.7.42_1,JPN.7_1,Fukuoka,Ogōri,Shi,ogori,
JPN.7.43_1,JPN.7_1,Fukuoka,Okagaki,Machi,okagaki,
JPN.7.44_1,JPN.7_1,Fukuoka,Ōkawa,Shi,okawa,
JPN.7.45_1,JPN.7_1,Fukuoka,Ōki,Machi,oki,
JPN.7.46_1,JPN.7_1,Fukuoka,Ōmuta,Shi,omuta,
JPN.7.47_1,JPN.7_1,Fukuoka,Onga,Machi,onga,
JPN.7.48_1,JPN.7_1,Fukuoka,Ōnojō,Shi,onojo,
JPN.7.49_1,JPN.7_1,Fukuoka,Ōtō,Machi,oto,
JPN.7.50_1,JPN.7_1,Fukuoka,Sasaguri,Machi,sasaguri,
JPN.7.51_1,JPN.7_1,Fukuoka,Shima,Machi,shima,
JPN.7.52_1,JPN.7_1,Fukuoka,Shime,Machi,shime,
JPN.7.53_1,JPN.7_1,Fukuoka,Shingū,Machi,shingu,
JPN.7.54_1,JPN.7_1,Fukuoka,Soeda,Machi,soeda,
JPN.7.55_1,JPN.7_1,Fukuoka,Sue,Machi,sue,
JPN.7.56_1,JPN.7_1,Fukuoka,Tachiarai,Machi,tachiarai,
JPN.7.57_1,JPN.7_1,Fukuoka,Tachibana,Machi,tachibana,
JPN.7.58_1,JPN.7_1,Fukuoka,Tagawa,Shi,tagawa,
JPN.7.59_1,JPN.7_1,Fukuoka,Tōhō,Mura,toho,
JPN.7.60_1,JPN.7_1,Fukuoka,Ukiha,Shi,ukiha,
JPN.7.61_1,JPN.7_1,Fukuoka,Umi,Machi,umi,
JPN.7.62_1,JPN.7_1,Fukuoka,Yabe,Mura,yabe,
JPN.7.63_1,JPN.7_1,Fukuoka,Yame,Shi,yame,
JPN.7.64_1,JPN.7_1,Fukuoka,Yanagawa,Shi,yanagawa,
JPN.7.65_1,JPN.7_1,Fukuoka,Yoshitomi,Machi,yoshitomi,
JPN.7.66_1,JPN.7_1,Fukuoka,Yukuhashi,Shi,yukuhashi,
JPN.8.1_1,JPN.8_1,Fukushima,Aizubange,Machi,aizubange,
JPN.8.2_1,JPN.8_1,Fukushima,Aizumisato,Machi,aizumisato,
JPN.8.3_1,JPN.8_1,Fukushima,Aizuwakamatsu,Shi,aizuwakamatsu,
JPN.8.4_1,JPN.8_1,Fukushima,Asakawa,Machi,asakawa,
JPN.8.5_1,JPN.8_1,Fukushima,Bandai,Machi,bandai,
JPN.8.6_1,JPN.8_1,Fukushima,Date,Shi,date,
JPN.8.7_1,JPN.8_1,Fukushima,Fukushima,Shi,fukushima,
JPN.8.8_1,JPN.8_1,Fukushima,Furudono,Machi,furudono,
JPN.8.9_1,JPN.8_1,Fukushima,Futaba,Machi,futaba,
JPN.8.10_1,JPN.8_1,Fukushima,Hanawa,Machi,hanawa,
JPN.8.11_1,JPN.8_1,Fukushima,Hinoemata,Mura,hinoemata,
JPN.8.12_1,JPN.8_1,Fukushima,Hirata,Machi,hirata,
JPN.8.13_1,JPN.8_1,Fukushima,Hirono,Machi,hirono,
JPN.8.14_1,JPN.8_1,Fukushima,Iino,Machi,iino,
JPN.8.15_1,JPN.8_1,Fukushima,Iitate,Mura,iitate,
JPN.8.16_1,JPN.8_1,Fukushima,Inawashiro,Machi,inawashiro,
JPN.8.17_1,JPN.8_1,Fukushima,Ishikawa,Machi,ishikawa,
JPN.8.18_1,JPN.8_1,Fukushima,Iwaki,Shi,iwaki,
JPN.8.19_1,JPN.8_1,Fukushima,Izumizaki,Mura,izumizaki,
JPN.8.20_1,JPN.8_1,Fukushima,Kagamiishi,Machi,kagamiishi,
JPN.8.21_1,JPN.8_1,Fukushima,Kaneyama,Machi,kaneyama,
JPN.8.22_1,JPN.8_1,Fukushima,Katsurao,Mura,katsurao,
JPN.8.23_1,JPN.8_1,Fukushima,Kawamata,Machi,kawamata,
JPN.8.24_1,JPN.8_1,Fukushima,Kawauchi,Mura,kawauchi,
JPN.8.25_1,JPN.8_1,Fukushima,Kitakata,Shi,kitakata,
JPN.8.26_1,JPN.8_1,Fukushima,Kitashiobara,Mura,kitashiobara,
JPN.8.27_1,JPN.8_1,Fukushima,Kōri,Machi,kori,
JPN.8.28_1,JPN.8_1,Fukushima,Kōriyama,Shi,koriyama,
JPN.8.29_1,JPN.8_1,Fukushima,Kunimi,Machi,kunimi,
JPN.8.30_1,JPN.8_1,Fukushima,Miharu,Machi,miharu,
JPN.8.31_1,JPN.8_1,Fukushima,Minamiaizu,Machi,minamiaizu,
JPN.8.32_1,JPN.8_1,Fukushima,Minamisōma,Shi,minamisoma,
JPN.8.33_1,JPN.8_1,Fukushima,Mishima,Machi,mishima,
JPN.8.34_1,JPN.8_1,Fukushima,Motomiya,Shi,motomiya,
JPN.8.35_1,JPN.8_1,Fukushima,Nakajima,Mura,nakajima,
JPN.8.36_1,JPN.8_1,Fukushima,Namie,Machi,namie,
JPN.8.37_1,JPN.8_1,Fukushima,Naraha,Machi,naraha,
JPN.8.38_1,JPN.8_1,Fukushima,Nihonmatsu,Shi,nihonmatsu,
JPN.8.39_1,JPN.8_1,Fukushima,Nishiaizu,Machi,nishiaizu,
JPN.8.40_1,JPN.8_1,Fukushima,Nishigou,Mura,nishigou,
JPN.8.41_1,JPN.8_1,Fukushima,Ōkuma,Machi,okuma,
JPN.8.42_1,JPN.8_1,Fukushima,Ono,Machi,ono,
JPN.8.43_1,JPN.8_1,Fukushima,Ōtama,Mura,otama,
JPN.8.44_1,JPN.8_1,Fukushima,Samegawa,Mura,samegawa,
JPN.8.45_1,JPN.8_1,Fukushima,Shimogō,Machi,shimogo,
JPN.8.46_1,JPN.8_1,Fukushima,Shinchi,Machi,shinchi,
JPN.8.47_1,JPN.8_1,Fukushima,Shirakawa,Shi,shirakawa,
JPN.8.48_1,JPN.8_1,Fukushima,Shōwa,Mura,showa,
JPN.8.49_1,JPN.8_1,Fukushima,Sōma,Shi,soma,
JPN.8.50_1,JPN.8_1,Fukushima,Sukagawa,Shi,sukagawa,
JPN.8.51_1,JPN.8_1,Fukushima,Tadami,Machi,tadami,
JPN.8.52_1,JPN.8_1,Fukushima,Tamakawa,Machi,tamakawa,
JPN.8.53_1,JPN.8_1,Fukushima,Tamura,Shi,tamura,
JPN.8.54_1,JPN.8_1,Fukushima,Tanagura,Machi,tanagura,
JPN.8.55_1,JPN.8_1,Fukushima,Ten'ei,Mura,tenei,
JPN.8.56_1,JPN.8_1,Fukushima,Tomioka,Machi,tomioka,
JPN.8.57_1,JPN.8_1,Fukushima,Yabuki,Machi,yabuki,
JPN.8.58_1,JPN.8_1,Fukushima,Yamatsuri,Machi,yamatsuri,
JPN.8.59_1,JPN.8_1,Fukushima,Yanaizu,Machi,yanaizu,
JPN.8.60_1,JPN.8_1,Fukushima,Yugawa,Mura,yugawa,
JPN.9.1_1,JPN.9_1,Gifu,Anpachi,Machi,anpachi,
JPN.9.2_1,JPN.9_1,Gifu,Ena,Shi,ena,
JPN.9.3_1,JPN.9_1,Gifu,Gero,Shi,gero,
JPN.9.4_1,JPN.9_1,Gifu,Gifu,Shi,gifu,
JPN.9.5_1,JPN.9_1,Gifu,Ginan,Machi,ginan,
JPN.9.6_1,JPN.9_1,Gifu,Godo,Machi,godo,
JPN.9.7_1,JPN.9_1,Gifu,Gujō,Shi,gujo,
JPN.9.8_1,JPN.9_1,Gifu,Hashima,Shi,hashima,
JPN.9.9_1,JPN.9_1,Gifu,Hichiso,Machi,hichiso,
JPN.9.10_1,JPN.9_1,Gifu,Hida,Shi,hida,
JPN.9.11_1,JPN.9_1,Gifu,Higashishirakawa,Mura,higashishirakawa,
JPN.9.12_1,JPN.9_1,Gifu,Ibigawa,Machi,ibigawa,
JPN.9.13_1,JPN.9_1,Gifu,IkedaTown,Machi,ikedatown,
JPN.9.14_1,JPN.9_1,Gifu,Kaizu,Shi,kaizu,
JPN.9.15_1,JPN.9_1,Gifu,Kakamigahara,Shi,kakamigahara,
JPN.9.16_1,JPN.9_1,Gifu,Kani,Shi,kani,
JPN.9.17_1,JPN.9_1,Gifu,Kasamatsu,Machi,kasamatsu,
JPN.9.18_1,JPN.9_1,Gifu,Kawabe,Machi,kawabe,
JPN.9.19_1,JPN.9_1,Gifu,Kitagata,Machi,kitagata,
JPN.9.20_1,JPN.9_1,Gifu,Mino,Shi,mino,
JPN.9.21_1,JPN.9_1,Gifu,Minokamo,Shi,minokamo,
JPN.9.22_1,JPN.9_1,Gifu,Mitake,Machi,mitake,
JPN.9.23_1,JPN.9_1,Gifu,Mizuho,Shi,mizuho,
JPN.9.24_1,JPN.9_1,Gifu,Mizunami,Shi,mizunami,
JPN.9.25_1,JPN.9_1,Gifu,Motosu,Shi,motosu,
JPN.9.26_1,JPN.9_1,Gifu,Nakatsugawa,Shi,nakatsugawa,
JPN.9.27_1,JPN.9_1,Gifu,Ōgaki,Shi,ogaki,
JPN.9.28_1,JPN.9_1,Gifu,Ono,Machi,ono,
JPN.9.29_1,JPN.9_1,Gifu,Sakahogi,Machi,sakahogi,
JPN.9.30_1,JPN.9_1,Gifu,Seki,Shi,seki,
JPN.9.31_1,JPN.9_1,Gifu,Sekigahara,Machi,sekigahara,
JPN.9.32_1,JPN.9_1,Gifu,Shirakawa,Machi,shirakawa,
JPN.9.33_1,JPN.9_1,Gifu,ShirakawaVillage,Mura,shirakawavillage,
JPN.9.34_1,JPN.9_1,Gifu,Tajimi,Shi,tajimi,
JPN.9.35_1,JPN.9_1,Gifu,Takayama,Shi,takayama,
JPN.9.36_1,JPN.9_1,Gifu,Tarui,Machi,tarui,
JPN.9.37_1,JPN.9_1,Gifu,Toki,Shi,toki,
JPN.9.38_1,JPN.9_1,Gifu,Tomika,Machi,tomika,
JPN.9.40_1,JPN.9_1,Gifu,Wanouchi,Machi,wanouchi,
JPN.9.41_1,JPN.9_1,Gifu,Yamagata,Shi,yamagata,
JPN.9.42_1,JPN.9_1,Gifu,Yaotsu,Machi,yaotsu,
JPN.9.43_1,JPN.9_1,Gifu,Yōrō,Machi,yoro,
JPN.10.1_1,JPN.10_1,Gunma,Annaka,Shi,annaka,
JPN.10.2_1,JPN.10_1,Gunma,Chiyoda,Machi,chiyoda,
JPN.10.3_1,JPN.10_1,Gunma,Fujimi,Machi,fujimi,
JPN.10.4_1,JPN.10_1,Gunma,Fujioka,Shi,fujioka,
JPN.10.5_1,JPN.10_1,Gunma,Higashiagatsuma,Machi,higashiagatsuma,
JPN.10.6_1,JPN.10_1,Gunma,Isesaki,Shi,isesaki,
JPN.10.7_1,JPN.10_1,Gunma,Itakura,Machi,itakura,
JPN.10.8_1,JPN.10_1,Gunma,Kanna,Machi,kanna,
JPN.10.9_1,JPN.10_1,Gunma,Kanra,Machi,kanra,
JPN.10.10_1,JPN.10_1,Gunma,Katashina,Machi,katashina,
JPN.10.11_1,JPN.10_1,Gunma,Kawaba,Mura,kawaba,
JPN.10.12_1,JPN.10_1,Gunma,Kiryū,Shi,kiryu,
JPN.10.13_1,JPN.10_1,Gunma,Kuni,Machi,kuni,
JPN.10.14_1,JPN.10_1,Gunma,Kusatsu,Machi,kusatsu,
JPN.10.15_1,JPN.10_1,Gunma,Maebashi,Shi,maebashi,
JPN.10.16_1,JPN.10_1,Gunma,Meiwa,Machi,meiwa,
JPN.10.17_1,JPN.10_1,Gunma,Midori,Shi,midori,
JPN.10.18_1,JPN.10_1,Gunma,Minakami,Machi,minakami,
JPN.10.19_1,JPN.10_1,Gunma,Naganohara,Machi,naganohara,
JPN.10.20_1,JPN.10_1,Gunma,Nakanojō,Machi,nakanojo,
JPN.10.21_1,JPN.10_1,Gunma,Nanmoku,Mura,nanmoku,
JPN.10.22_1,JPN.10_1,Gunma,Numata,Shi,numata,
JPN.10.23_1,JPN.10_1,Gunma,Ōizumi,Machi,oizumi,
JPN.10.24_1,JPN.10_1,Gunma,Ōra,Machi,ora,
JPN.10.25_1,JPN.10_1,Gunma,Ōta,Shi,ota,
JPN.10.26_1,JPN.10_1,Gunma,Shibukawa,Shi,shibukawa,
JPN.10.27_1,JPN.10_1,Gunma,Shimonita,Machi,shimonita,
JPN.10.28_1,JPN.10_1,Gunma,Shintō,Machi,shinto,
JPN.10.29_1,JPN.10_1,Gunma,Shōwa,Mura,showa,
JPN.10.30_1,JPN.10_1,Gunma,Takasaki,Shi,takasaki,
JPN.10.31_1,JPN.10_1,Gunma,Takayama,Machi,takayama,
JPN.10.32_1,JPN.10_1,Gunma,Tamamura,Machi,tamamura,
JPN.10.33_1,JPN.10_1,Gunma,Tatebayashi,Shi,tatebayashi,
JPN.10.34_1,JPN.10_1,Gunma,Tomioka,Shi,tomioka,
JPN.10.35_1,JPN.10_1,Gunma,Tsumagoi,Machi,tsumagoi,
JPN.10.36_1,JPN.10_1,Gunma,Ueno,Mura,ueno,
JPN.10.37_1,JPN.10_1,Gunma,Yoshii,Machi,yoshii,
JPN.10.38_1,JPN.10_1,Gunma,Yoshioka,Machi,yoshioka,
JPN.11.1_1,JPN.11_1,Hiroshima,Akiōta,Machi,akiota,
JPN.11.2_1,JPN.11_1,Hiroshima,Akitakata,Shi,akitakata,
JPN.11.3_1,JPN.11_1,Hiroshima,Etajima,Shi,etajima,
JPN.11.4_1,JPN.11_1,Hiroshima,Fuchū,Machi,fuchu,
JPN.11.5_1,JPN.11_1,Hiroshima,FuchūCity,Shi,fuchucity,
JPN.11.6_1,JPN.11_1,Hiroshima,Fukuyama,Shi,fukuyama,
JPN.11.7_1,JPN.11_1,Hiroshima,Hatsukaichi,Shi,hatsukaichi,
JPN.11.8_1,JPN.11_1,Hiroshima,Higashihiroshima,Shi,higashihiroshima,
JPN.11.9_1,JPN.11_1,Hiroshima,Hiroshima,Shi,hiroshima,
JPN.11.10_1,JPN.11_1,Hiroshima,Jinsekikōgen,Machi,jinsekikogen,
JPN.11.11_1,JPN.11_1,Hiroshima,Kaita,Machi,kaita,
JPN.11.12_1,JPN.11_1,Hiroshima,Kitahiroshima,Machi,kitahiroshima,
JPN.11.13_1,JPN.11_1,Hiroshima,Kumano,Machi,kumano,
JPN.11.14_1,JPN.11_1,Hiroshima,Kure,Shi,kure,
JPN.11.15_1,JPN.11_1,Hiroshima,Mihara,Shi,mihara,
JPN.11.16_1,JPN.11_1,Hiroshima,Miyoshi,Shi,miyoshi,
JPN.11.17_1,JPN.11_1,Hiroshima,Onomichi,Shi,onomichi,
JPN.11.18_1,JPN.11_1,Hiroshima,Ōsakikamijima,Machi,osakikamijima,
JPN.11.19_1,JPN.11_1,Hiroshima,Ōtake,Shi,otake,
JPN.11.20_1,JPN.11_1,Hiroshima,Saka,Machi,saka,
JPN.11.21_1,JPN.11_1,Hiroshima,Sera,Machi,sera,
JPN.11.22_1,JPN.11_1,Hiroshima,Shōbara,Shi,shobara,
JPN.11.23_1,JPN.11_1,Hiroshima,Takehara,Shi,takehara,
JPN.12.1_1,JPN.12_1,Hokkaido,Abashiri,Shi,abashiri,
JPN.12.2_1,JPN.12_1,Hokkaido,Abira,Machi,abira,
JPN.12.3_1,JPN.12_1,Hokkaido,Aibetsu,Machi,aibetsu,
JPN.12.4_1,JPN.12_1,Hokkaido,Akabira,Shi,akabira,
JPN.12.5_1,JPN.12_1,Hokkaido,Akaigawa,Mura,akaigawa,
JPN.12.6_1,JPN.12_1,Hokkaido,Akkeshi,Machi,akkeshi,
JPN.12.7_1,JPN.12_1,Hokkaido,Asahikawa,Shi,asahikawa,
JPN.12.8_1,JPN.12_1,Hokkaido,Ashibetsu,Shi,ashibetsu,
JPN.12.9_1,JPN.12_1,Hokkaido,Ashoro,Machi,ashoro,
JPN.12.10_1,JPN.12_1,Hokkaido,Assabu,Machi,assabu,
JPN.12.11_1,JPN.12_1,Hokkaido,Atsuma,Machi,atsuma,
JPN.12.12_1,JPN.12_1,Hokkaido,Betsukai,Machi,betsukai,
JPN.12.13_1,JPN.12_1,Hokkaido,Bibai,Shi,bibai,
JPN.12.14_1,JPN.12_1,Hokkaido,Biei,Machi,biei,
JPN.12.15_1,JPN.12_1,Hokkaido,Bifuka,Machi,bifuka,
JPN.12.16_1,JPN.12_1,Hokkaido,Bihoro,Machi,bihoro,
JPN.12.17_1,JPN.12_1,Hokkaido,Biratori,Machi,biratori,
JPN.12.18_1,JPN.12_1,Hokkaido,Chippubetsu,Machi,chippubetsu,
JPN.12.19_1,JPN.12_1,Hokkaido,Chitose,Shi,chitose,
JPN.12.20_1,JPN.12_1,Hokkaido,Date,Shi,date,
JPN.12.21_1,JPN.12_1,Hokkaido,Ebetsu,Shi,ebetsu,
JPN.12.22_1,JPN.12_1,Hokkaido,Enbetsu,Machi,enbetsu,
JPN.12.23_1,JPN.12_1,Hokkaido,Engaru,Machi,engaru,
JPN.12.24_1,JPN.12_1,Hokkaido,Eniwa,Shi,eniwa,
JPN.12.25_1,JPN.12_1,Hokkaido,Erimo,Machi,erimo,
JPN.12.26_1,JPN.12_1,Hokkaido,Esashi,Machi,esashi,
JPN.12.27_1,JPN.12_1,Hokkaido,EsashiCapital,Capital,esashicapital,Y
JPN.12.28_1,JPN.12_1,Hokkaido,Fukagawa,Shi,fukagawa,
JPN.12.29_1,JPN.12_1,Hokkaido,Fukushima,Machi,fukushima,
JPN.12.30_1,JPN.12_1,Hokkaido,Furano,Machi,furano,
JPN.12.31_1,JPN.12_1,Hokkaido,Furubira,Machi,furubira,
JPN.12.32_1,JPN.12_1,Hokkaido,Haboro,Machi,haboro,
JPN.12.33_1,JPN.12_1,Hokkaido,Hakodate,Machi,hakodate,
JPN.12.34_1,JPN.12_1,Hokkaido,Hamanaka,Machi,hamanaka,
JPN.12.35_1,JPN.12_1,Hokkaido,Hamatonbetsu,Machi,hamatonbetsu,
JPN.12.36_1,JPN.12_1,Hokkaido,Hidaka,Machi,hidaka,
JPN.12.37_1,JPN.12_1,Hokkaido,Higashikagura,Machi,higashikagura,
JPN.12.38_1,JPN.12_1,Hokkaido,Higashikawa,Machi,higashikawa,
JPN.12.39_1,JPN.12_1,Hokkaido,Hiroo,Machi,hiroo,
JPN.12.40_1,JPN.12_1,Hokkaido,Hokuryū,Machi,hokuryu,
JPN.12.41_1,JPN.12_1,Hokkaido,Hokuto,Shi,hokuto,
JPN.12.42_1,JPN.12_1,Hokkaido,Honbetsu,Machi,honbetsu,
JPN.12.43_1,JPN.12_1,Hokkaido,Horokanai,Machi,horokanai,
JPN.12.44_1,JPN.12_1,Hokkaido,Horonobe,Machi,horonobe,
JPN.12.45_1,JPN.12_1,Hokkaido,Ikeda,Machi,ikeda,
JPN.12.46_1,JPN.12_1,Hokkaido,Imakane,Machi,imakane,
JPN.12.47_1,JPN.12_1,Hokkaido,Ishikari,Shi,ishikari,
JPN.12.48_1,JPN.12_1,Hokkaido,Iwamizawa,Shi,iwamizawa,
JPN.12.49_1,JPN.12_1,Hokkaido,Iwanai,Machi,iwanai,
JPN.12.50_1,JPN.12_1,Hokkaido,Kamifurano,Machi,kamifurano,
JPN.12.51_1,JPN.12_1,Hokkaido,Kamikawa,Machi,kamikawa,
JPN.12.52_1,JPN.12_1,Hokkaido,Kaminokuni,Machi,kaminokuni,
JPN.12.53_1,JPN.12_1,Hokkaido,Kamishihoro,Machi,kamishihoro,
JPN.12.54_1,JPN.12_1,Hokkaido,Kamisunagawa,Machi,kamisunagawa,
JPN.12.55_1,JPN.12_1,Hokkaido,Kamiyūbetsu,Machi,kamiyubetsu,
JPN.12.56_1,JPN.12_1,Hokkaido,Kamoenai,Mura,kamoenai,
JPN.12.57_1,JPN.12_1,Hokkaido,Kenbuchi,Machi,kenbuchi,
JPN.12.58_1,JPN.12_1,Hokkaido,Kikonai,Machi,kikonai,
JPN.12.59_1,JPN.12_1,Hokkaido,Kimobetsu,Machi,kimobetsu,
JPN.12.60_1,JPN.12_1,Hokkaido,Kitahiroshima,Shi,kitahiroshima,
JPN.12.61_1,JPN.12_1,Hokkaido,Kitami,Shi,kitami,
JPN.12.62_1,JPN.12_1,Hokkaido,Kiyosato,Machi,kiyosato,
JPN.12.63_1,JPN.12_1,Hokkaido,Koshimizu,Machi,koshimizu,
JPN.12.64_1,JPN.12_1,Hokkaido,Kunneppu,Machi,kunneppu,
JPN.12.65_1,JPN.12_1,Hokkaido,Kuriyama,Machi,kuriyama,
JPN.12.66_1,JPN.12_1,Hokkaido,Kuromatsunai,Machi,kuromatsunai,
JPN.12.67_1,JPN.12_1,Hokkaido,Kushiro,Machi,kushiro,
JPN.12.68_1,JPN.12_1,Hokkaido,KushiroCity,Shi,kushirocity,
JPN.12.69_1,JPN.12_1,Hokkaido,Kutchan,Machi,kutchan,
JPN.12.70_1,JPN.12_1,Hokkaido,Kyōgoku,Machi,kyogoku,
JPN.12.71_1,JPN.12_1,Hokkaido,Kyōwa,Machi,kyowa,
JPN.12.72_1,JPN.12_1,Hokkaido,Makkari,Mura,makkari,
JPN.12.73_1,JPN.12_1,Hokkaido,Makubetsu,Machi,makubetsu,
JPN.12.74_1,JPN.12_1,Hokkaido,Mashike,Machi,mashike,
JPN.12.75_1,JPN.12_1,Hokkaido,Matsumae,Machi,matsumae,
JPN.12.76_1,JPN.12_1,Hokkaido,Memuro,Machi,memuro,
JPN.12.77_1,JPN.12_1,Hokkaido,Mikasa,Shi,mikasa,
JPN.12.78_1,JPN.12_1,Hokkaido,Minamifurano,Machi,minamifurano,
JPN.12.79_1,JPN.12_1,Hokkaido,Monbetsu,Shi,monbetsu,
JPN.12.80_1,JPN.12_1,Hokkaido,Mori,Machi,mori,
JPN.12.81_1,JPN.12_1,Hokkaido,Moseushi,Machi,moseushi,
JPN.12.82_1,JPN.12_1,Hokkaido,Mukawa,Machi,mukawa,
JPN.12.83_1,JPN.12_1,Hokkaido,Muroran,Shi,muroran,
JPN.12.84_1,JPN.12_1,Hokkaido,Naganuma,Machi,naganuma,
JPN.12.85_1,JPN.12_1,Hokkaido,Naie,Machi,naie,
JPN.12.86_1,JPN.12_1,Hokkaido,Nakafurano,Machi,nakafurano,
JPN.12.87_1,JPN.12_1,Hokkaido,Nakagawa,Machi,nakagawa,
JPN.12.88_1,JPN.12_1,Hokkaido,Nakasatsunai,Mura,nakasatsunai,
JPN.12.89_1,JPN.12_1,Hokkaido,Nakashibetsu,Machi,nakashibetsu,
JPN.12.90_1,JPN.12_1,Hokkaido,Nakatonbetsu,Machi,nakatonbetsu,
JPN.12.91_1,JPN.12_1,Hokkaido,Nanae,Machi,nanae,
JPN.12.92_1,JPN.12_1,Hokkaido,Nanporo,Machi,nanporo,
JPN.12.93_1,JPN.12_1,Hokkaido,Nayoro,Shi,nayoro,
JPN.12.94_1,JPN.12_1,Hokkaido,Nemuro,Shi,nemuro,
JPN.12.95_1,JPN.12_1,Hokkaido,Niikappu,Machi,niikappu,
JPN.12.96_1,JPN.12_1,Hokkaido,Niki,Machi,niki,
JPN.12.97_1,JPN.12_1,Hokkaido,Niseko,Machi,niseko,
JPN.12.98_1,JPN.12_1,Hokkaido,Nishiokoppe,Mura,nishiokoppe,
JPN.12.99_1,JPN.12_1,Hokkaido,Noboribetsu,Shi,noboribetsu,
JPN.12.100_1,JPN.12_1,Hokkaido,Numata,Machi,numata,
JPN.12.101_1,JPN.12_1,Hokkaido,Obihiro,Shi,obihiro,
JPN.12.102_1,JPN.12_1,Hokkaido,Obira,Machi,obira,
JPN.12.103_1,JPN.12_1,Hokkaido,Oketo,Machi,oketo,
JPN.12.104_1,JPN.12_1,Hokkaido,Okoppe,Machi,okoppe,
JPN.12.105_1,JPN.12_1,Hokkaido,Okushiri,Machi,okushiri,
JPN.12.106_1,JPN.12_1,Hokkaido,Ōmu,Machi,omu,
JPN.12.107_1,JPN.12_1,Hokkaido,Oshamanbe,Machi,oshamanbe,
JPN.12.108_1,JPN.12_1,Hokkaido,Otaru,Shi,otaru,
JPN.12.109_1,JPN.12_1,Hokkaido,Otobe,Machi,otobe,
JPN.12.110_1,JPN.12_1,Hokkaido,Otofuke,Machi,otofuke,
JPN.12.111_1,JPN.12_1,Hokkaido,Otoineppu,Mura,otoineppu,
JPN.12.112_1,JPN.12_1,Hokkaido,Ōzora,Machi,ozora,
JPN.12.113_1,JPN.12_1,Hokkaido,Pippu,Machi,pippu,
JPN.12.114_1,JPN.12_1,Hokkaido,Rankoshi,Machi,rankoshi,
JPN.12.115_1,JPN.12_1,Hokkaido,Rausu,Machi,rausu,
JPN.12.116_1,JPN.12_1,Hokkaido,Rebun,Machi,rebun,
JPN.12.117_1,JPN.12_1,Hokkaido,Rikubetsu,Machi,rikubetsu,
JPN.12.118_1,JPN.12_1,Hokkaido,Rishiri,Machi,rishiri,
JPN.12.119_1,JPN.12_1,Hokkaido,Rishirifuji,Machi,rishirifuji,
JPN.12.120_1,JPN.12_1,Hokkaido,Rumoi,Shi,rumoi,
JPN.12.121_1,JPN.12_1,Hokkaido,Rusutsu,Mura,rusutsu,
JPN.12.122_1,JPN.12_1,Hokkaido,Samani,Machi,samani,
JPN.12.123_1,JPN.12_1,Hokkaido,Sapporo,Machi,sapporo,
JPN.12.124_1,JPN.12_1,Hokkaido,Sarabetsu,Mura,sarabetsu,
JPN.12.125_1,JPN.12_1,Hokkaido,Saroma,Machi,saroma,
JPN.12.126_1,JPN.12_1,Hokkaido,Sarufutsu,Mura,sarufutsu,
JPN.12.127_1,JPN.12_1,Hokkaido,Setana,Machi,setana,
JPN.12.128_1,JPN.12_1,Hokkaido,Shakotan,Machi,shakotan,
JPN.12.129_1,JPN.12_1,Hokkaido,Shari,Machi,shari,
JPN.12.130_1,JPN.12_1,Hokkaido,Shibecha,Machi,shibecha,
JPN.12.131_1,JPN.12_1,Hokkaido,Shibetsu,Machi,shibetsu,
JPN.12.132_1,JPN.12_1,Hokkaido,ShibetsuCity,Shi,shibetsucity,
JPN.12.133_1,JPN.12_1,Hokkaido,Shihoro,Machi,shihoro,
JPN.12.134_1,JPN.12_1,Hokkaido,Shikabe,Machi,shikabe,
JPN.12.135_1,JPN.12_1,Hokkaido,Shikaoi,Machi,shikaoi,
JPN.12.136_1,JPN.12_1,Hokkaido,Shimamaki,Mura,shimamaki,
JPN.12.137_1,JPN.12_1,Hokkaido,Shimizu,Machi,shimizu,
JPN.12.138_1,JPN.12_1,Hokkaido,Shimokawa,Machi,shimokawa,
JPN.12.139_1,JPN.12_1,Hokkaido,Shimukappu,Mura,shimukappu,
JPN.12.140_1,JPN.12_1,Hokkaido,Shinhidaka,Machi,shinhidaka,
JPN.12.141_1,JPN.12_1,Hokkaido,Shinshinotsu,Mura,shinshinotsu,
JPN.12.142_1,JPN.12_1,Hokkaido,Shintoku,Machi,shintoku,
JPN.12.143_1,JPN.12_1,Hokkaido,Shintotsukawa,Machi,shintotsukawa,
JPN.12.144_1,JPN.12_1,Hokkaido,Shiranuka,Machi,shiranuka,
JPN.12.145_1,JPN.12_1,Hokkaido,Shiraoi,Machi,shiraoi,
JPN.12.146_1,JPN.12_1,Hokkaido,Shiriuchi,Machi,shiriuchi,
JPN.12.147_1,JPN.12_1,Hokkaido,Shosanbetsu,Mura,shosanbetsu,
JPN.12.148_1,JPN.12_1,Hokkaido,Sōbetsu,Machi,sobetsu,
JPN.12.149_1,JPN.12_1,Hokkaido,Sunagawa,Shi,sunagawa,
JPN.12.150_1,JPN.12_1,Hokkaido,Suttsu,Machi,suttsu,
JPN.12.151_1,JPN.12_1,Hokkaido,Taiki,Machi,taiki,
JPN.12.152_1,JPN.12_1,Hokkaido,Takasu,Machi,takasu,
JPN.12.153_1,JPN.12_1,Hokkaido,Takikawa,Shi,takikawa,
JPN.12.154_1,JPN.12_1,Hokkaido,Takinoue,Machi,takinoue,
JPN.12.155_1,JPN.12_1,Hokkaido,Teshikaga,Machi,teshikaga,
JPN.12.156_1,JPN.12_1,Hokkaido,Teshio,Machi,teshio,
JPN.12.157_1,JPN.12_1,Hokkaido,Tōbetsu,Machi,tobetsu,
JPN.12.158_1,JPN.12_1,Hokkaido,Tōma,Machi,toma,
JPN.12.159_1,JPN.12_1,Hokkaido,Tomakomai,Shi,tomakomai,
JPN.12.160_1,JPN.12_1,Hokkaido,Tomamae,Machi,tomamae,
JPN.12.161_1,JPN.12_1,Hokkaido,Tomari,Mura,tomari,
JPN.12.162_1,JPN.12_1,Hokkaido,Tōyako,Machi,toyako,
JPN.12.163_1,JPN.12_1,Hokkaido,Toyokoro,Machi,toyokoro,
JPN.12.164_1,JPN.12_1,Hokkaido,Toyotomi,Machi,toyotomi,
JPN.12.165_1,JPN.12_1,Hokkaido,Toyoura,Machi,toyoura,
JPN.12.166_1,JPN.12_1,Hokkaido,Tsubetsu,Machi,tsubetsu,
JPN.12.167_1,JPN.12_1,Hokkaido,Tsukigata,Machi,tsukigata,
JPN.12.168_1,JPN.12_1,Hokkaido,Tsurui,Mura,tsurui,
JPN.12.169_1,JPN.12_1,Hokkaido,Urahoro,Machi,urahoro,
JPN.12.170_1,JPN.12_1,Hokkaido,Urakawa,Machi,urakawa,
JPN.12.171_1,JPN.12_1,Hokkaido,Urausu,Machi,urausu,
JPN.12.172_1,JPN.12_1,Hokkaido,Uryū,Machi,uryu,
JPN.12.173_1,JPN.12_1,Hokkaido,Utashinai,Machi,utashinai,
JPN.12.174_1,JPN.12_1,Hokkaido,Wakkanai,Shi,wakkanai,
JPN.12.175_1,JPN.12_1,Hokkaido,Wassamu,Machi,wassamu,
JPN.12.176_1,JPN.12_1,Hokkaido,Yakumo,Machi,yakumo,
JPN.12.177_1,JPN.12_1,Hokkaido,Yoichi,Machi,yoichi,
JPN.12.178_1,JPN.12_1,Hokkaido,Yūbari,Shi,yubari,
JPN.12.179_1,JPN.12_1,Hokkaido,Yūbetsu,Machi,yubetsu,
JPN.12.180_1,JPN.12_1,Hokkaido,Yuni,Machi,yuni,
JPN.13.1_1,JPN.13_1,Hyōgo,Aioi,Shi,aioi,
JPN.13.2_1,JPN.13_1,Hyōgo,Akashi,Shi,akashi,
JPN.13.3_1,JPN.13_1,Hyōgo,Akō,Shi,ako,
JPN.13.4_1,JPN.13_1,Hyōgo,Amagasaki,Machi,amagasaki,
JPN.13.5_1,JPN.13_1,Hyōgo,Asago,Shi,asago,
JPN.13.6_1,JPN.13_1,Hyōgo,Ashiya,Shi,ashiya,
JPN.13.7_1,JPN.13_1,Hyōgo,Awaji,Shi,awaji,
JPN.13.8_1,JPN.13_1,Hyōgo,Fukusaki,Machi,fukusaki,
JPN.13.9_1,JPN.13_1,Hyōgo,Harima,Machi,harima,
JPN.13.10_1,JPN.13_1,Hyōgo,Himeji,Shi,himeji,
JPN.13.11_1,JPN.13_1,Hyōgo,Ichikawa,Machi,ichikawa,
JPN.13.12_1,JPN.13_1,Hyōgo,Inagawa,Machi,inagawa,
JPN.13.13_1,JPN.13_1,Hyōgo,Inami,Machi,inami,
JPN.13.14_1,JPN.13_1,Hyōgo,Itami,Shi,itami,
JPN.13.15_1,JPN.13_1,Hyōgo,Kakogawa,Shi,kakogawa,
JPN.13.16_1,JPN.13_1,Hyōgo,Kami,Machi,kami,
JPN.13.17_1,JPN.13_1,Hyōgo,Kamigōri,Machi,kamigori,
JPN.13.18_1,JPN.13_1,Hyōgo,Kamikawa,Machi,kamikawa,
JPN.13.19_1,JPN.13_1,Hyōgo,Kasai,Shi,kasai,
JPN.13.20_1,JPN.13_1,Hyōgo,Katō,Shi,kato,
JPN.13.21_1,JPN.13_1,Hyōgo,Kawanishi,Shi,kawanishi,
JPN.13.22_1,JPN.13_1,Hyōgo,Kobe,Shi,kobe,
JPN.13.23_1,JPN.13_1,Hyōgo,Miki,Shi,miki,
JPN.13.24_1,JPN.13_1,Hyōgo,Minamiawaji,Shi,minamiawaji,
JPN.13.25_1,JPN.13_1,Hyōgo,Nishinomiya,Shi,nishinomiya,
JPN.13.26_1,JPN.13_1,Hyōgo,Nishiwaki,Shi,nishiwaki,
JPN.13.27_1,JPN.13_1,Hyōgo,Ono,Shi,ono,
JPN.13.28_1,JPN.13_1,Hyōgo,Sanda,Shi,sanda,
JPN.13.29_1,JPN.13_1,Hyōgo,Sasayama,Shi,sasayama,
JPN.13.30_1,JPN.13_1,Hyōgo,Sayō,Machi,sayo,
JPN.13.31_1,JPN.13_1,Hyōgo,Shin'onsen,Machi,shinonsen,
JPN.13.32_1,JPN.13_1,Hyōgo,Shisō,Shi,shiso,
JPN.13.33_1,JPN.13_1,Hyōgo,Sumoto,Shi,sumoto,
JPN.13.34_1,JPN.13_1,Hyōgo,Taishi,Machi,taishi,
JPN.13.35_1,JPN.13_1,Hyōgo,Taka,Machi,taka,
JPN.13.36_1,JPN.13_1,Hyōgo,Takarazuka,Shi,takarazuka,
JPN.13.37_1,JPN.13_1,Hyōgo,Takasago,Shi,takasago,
JPN.13.38_1,JPN.13_1,Hyōgo,Tamba,Shi,tamba,
JPN.13.39_1,JPN.13_1,Hyōgo,Tatsuno,Shi,tatsuno,
JPN.13.40_1,JPN.13_1,Hyōgo,Toyooka,Shi,toyooka,
JPN.13.41_1,JPN.13_1,Hyōgo,Yabu,Shi,yabu,
JPN.14.1_1,JPN.14_1,Ibaraki,Ami,Machi,ami,
JPN.14.2_1,JPN.14_1,Ibaraki,Bandō,Shi,bando,
JPN.14.3_1,JPN.14_1,Ibaraki,Chikusei,Shi,chikusei,
JPN.14.4_1,JPN.14_1,Ibaraki,Daigo,Machi,daigo,
JPN.14.5_1,JPN.14_1,Ibaraki,Goka,Machi,goka,
JPN.14.6_1,JPN.14_1,Ibaraki,Hitachi,Shi,hitachi,
JPN.14.7_1,JPN.14_1,Ibaraki,Hitachinaka,Shi,hitachinaka,
JPN.14.8_1,JPN.14_1,Ibaraki,Hitachiōmiya,Shi,hitachiomiya,
JPN.14.9_1,JPN.14_1,Ibaraki,Hitachiōta,Shi,hitachiota,
JPN.14.10_1,JPN.14_1,Ibaraki,Hokota,Shi,hokota,
JPN.14.11_1,JPN.14_1,Ibaraki,Ibaraki,Machi,ibaraki,
JPN.14.12_1,JPN.14_1,Ibaraki,Inashiki,Shi,inashiki,
JPN.14.13_1,JPN.14_1,Ibaraki,Ishioka,Shi,ishioka,
JPN.14.14_1,JPN.14_1,Ibaraki,Itako,Shi,itako,
JPN.14.15_1,JPN.14_1,Ibaraki,Jōsō,Shi,joso,
JPN.14.16_1,JPN.14_1,Ibaraki,Kamisu,Shi,kamisu,
JPN.14.17_1,JPN.14_1,Ibaraki,Kasama,Shi,kasama,
JPN.14.18_1,JPN.14_1,Ibaraki,Kashima,Shi,kashima,
JPN.14.19_1,JPN.14_1,Ibaraki,Kasumigaura,Shi,kasumigaura,
JPN.14.20_1,JPN.14_1,Ibaraki,Kawachi,Machi,kawachi,
JPN.14.21_1,JPN.14_1,Ibaraki,Kitaibaraki,Shi,kitaibaraki,
JPN.14.22_1,JPN.14_1,Ibaraki,Koga,Shi,koga,
JPN.14.23_1,JPN.14_1,Ibaraki,Miho,Mura,miho,
JPN.14.24_1,JPN.14_1,Ibaraki,Mito,Shi,mito,
JPN.14.25_1,JPN.14_1,Ibaraki,Moriya,Shi,moriya,
JPN.14.26_1,JPN.14_1,Ibaraki,Naka,Shi,naka,
JPN.14.27_1,JPN.14_1,Ibaraki,Namegata,Shi,namegata,
JPN.14.28_1,JPN.14_1,Ibaraki,Ōarai,Machi,oarai,
JPN.14.29_1,JPN.14_1,Ibaraki,Omitama,Shi,omitama,
JPN.14.30_1,JPN.14_1,Ibaraki,Ryūgasaki,Shi,ryugasaki,
JPN.14.31_1,JPN.14_1,Ibaraki,Sakai,Machi,sakai,
JPN.14.32_1,JPN.14_1,Ibaraki,Sakuragawa,Shi,sakuragawa,
JPN.14.33_1,JPN.14_1,Ibaraki,Shimotsuma,Shi,shimotsuma,
JPN.14.34_1,JPN.14_1,Ibaraki,Shirosato,Machi,shirosato,
JPN.14.35_1,JPN.14_1,Ibaraki,Takahagi,Shi,takahagi,
JPN.14.36_1,JPN.14_1,Ibaraki,Tōkai,Mura,tokai,
JPN.14.37_1,JPN.14_1,Ibaraki,Tone,Machi,tone,
JPN.14.38_1,JPN.14_1,Ibaraki,Toride,Shi,toride,
JPN.14.39_1,JPN.14_1,Ibaraki,Tsuchiura,Shi,tsuchiura,
JPN.14.40_1,JPN.14_1,Ibaraki,Tsukuba,Shi,tsukuba,
JPN.14.41_1,JPN.14_1,Ibaraki,Tsukubamirai,Shi,tsukubamirai,
JPN.14.42_1,JPN.14_1,Ibaraki,Ushiku,Shi,ushiku,
JPN.14.43_1,JPN.14_1,Ibaraki,Waterbody,Waterbody,waterbody,Y
JPN.14.44_1,JPN.14_1,Ibaraki,Yachiyo,Machi,yachiyo,
JPN.14.45_1,JPN.14_1,Ibaraki,Yūki,Shi,yuki,
JPN.15.1_1,JPN.15_1,Ishikawa,Anamizu,Machi,anamizu,
JPN.15.2_1,JPN.15_1,Ishikawa,Hakui,Shi,hakui,
JPN.15.3_1,JPN.15_1,Ishikawa,Hakusan,Shi,hakusan,
JPN.15.4_1,JPN.15_1,Ishikawa,Hodatsushimizu,Machi,hodatsushimizu,
JPN.15.5_1,JPN.15_1,Ishikawa,Kaga,Shi,kaga,
JPN.15.6_1,JPN.15_1,Ishikawa,Kahoku,Shi,kahoku,
JPN.15.7_1,JPN.15_1,Ishikawa,Kanazawa,Shi,kanazawa,
JPN.15.8_1,JPN.15_1,Ishikawa,Kawakita,Machi,kawakita,
JPN.15.9_1,JPN.15_1,Ishikawa,Komatsu,Shi,komatsu,
JPN.15.10_1,JPN.15_1,Ishikawa,Nakanoto,Machi,nakanoto,
JPN.15.11_1,JPN.15_1,Ishikawa,Nanao,Shi,nanao,
JPN.15.12_1,JPN.15_1,Ishikawa,Nomi,Shi,nomi,
JPN.15.13_1,JPN.15_1,Ishikawa,Nonoichi,Machi,nonoichi,
JPN.15.14_1,JPN.15_1,Ishikawa,Noto,Machi,noto,
JPN.15.15_1,JPN.15_1,Ishikawa,Shika,Machi,shika,
JPN.15.16_1,JPN.15_1,Ishikawa,Suzu,Shi,suzu,
JPN.15.17_1,JPN.15_1,Ishikawa,Tsubata,Machi,tsubata,
JPN.15.18_1,JPN.15_1,Ishikawa,Uchinada,Machi,uchinada,
JPN.15.19_1,JPN.15_1,Ishikawa,Wajima,Shi,wajima,
JPN.16.1_1,JPN.16_1,Iwate,Fudai,Mura,fudai,
JPN.16.2_1,JPN.16_1,Iwate,Fujisawa,Machi,fujisawa,
JPN.16.3_1,JPN.16_1,Iwate,Hachimantai,Shi,hachimantai,
JPN.16.4_1,JPN.16_1,Iwate,Hanamaki,Shi,hanamaki,
JPN.16.5_1,JPN.16_1,Iwate,Hiraizumi,Machi,hiraizumi,
JPN.16.6_1,JPN.16_1,Iwate,Hirono,Machi,hirono,
JPN.16.7_1,JPN.16_1,Iwate,Ichinohe,Machi,ichinohe,
JPN.16.8_1,JPN.16_1,Iwate,Ichinoseki,Shi,ichinoseki,
JPN.16.9_1,JPN.16_1,Iwate,Iwate,Machi,iwate,
JPN.16.10_1,JPN.16_1,Iwate,Iwazumi,Machi,iwazumi,
JPN.16.11_1,JPN.16_1,Iwate,Kamaishi,Shi,kamaishi,
JPN.16.12_1,JPN.16_1,Iwate,Kanegasaki,Machi,kanegasaki,
JPN.16.13_1,JPN.16_1,Iwate,Karumai,Machi,karumai,
JPN.16.14_1,JPN.16_1,Iwate,Kawai,Mura,kawai,
JPN.16.15_1,JPN.16_1,Iwate,Kitakami,Shi,kitakami,
JPN.16.16_1,JPN.16_1,Iwate,Kuji,Shi,kuji,
JPN.16.17_1,JPN.16_1,Iwate,Kunohe,Mura,kunohe,
JPN.16.18_1,JPN.16_1,Iwate,Kuzumaki,Machi,kuzumaki,
JPN.16.19_1,JPN.16_1,Iwate,Miyako,Shi,miyako,
JPN.16.20_1,JPN.16_1,Iwate,Morioka,Shi,morioka,
JPN.16.21_1,JPN.16_1,Iwate,Ninohe,Shi,ninohe,
JPN.16.22_1,JPN.16_1,Iwate,Nishiwaga,Machi,nishiwaga,
JPN.16.23_1,JPN.16_1,Iwate,Noda,Mura,noda,
JPN.16.24_1,JPN.16_1,Iwate,Ōfunato,Shi,ofunato,
JPN.16.25_1,JPN.16_1,Iwate,Ōshū,Shi,oshu,
JPN.16.26_1,JPN.16_1,Iwate,Ōtsuchi,Machi,otsuchi,
JPN.16.27_1,JPN.16_1,Iwate,Rikuzentakata,Shi,rikuzentakata,
JPN.16.28_1,JPN.16_1,Iwate,Shiwa,Machi,shiwa,
JPN.16.29_1,JPN.16_1,Iwate,Shizukuishi,Machi,shizukuishi,
JPN.16.30_1,JPN.16_1,Iwate,Sumita,Machi,sumita,
JPN.16.31_1,JPN.16_1,Iwate,Takizawa,Mura,takizawa,
JPN.16.32_1,JPN.16_1,Iwate,Tanohata,Mura,tanohata,
JPN.16.33_1,JPN.16_1,Iwate,Tōno,Shi,tono,
JPN.16.34_1,JPN.16_1,Iwate,Yahaba,Machi,yahaba,
JPN.16.35_1,JPN.16_1,Iwate,Yamada,Machi,yamada,
JPN.17.1_1,JPN.17_1,Kagawa,Ayagawa,Machi,ayagawa,
JPN.17.2_1,JPN.17_1,Kagawa,Higashikagawa,Shi,higashikagawa,
JPN.17.3_1,JPN.17_1,Kagawa,Kan'onji,Shi,kanonji,
JPN.17.4_1,JPN.17_1,Kagawa,Kotohira,Machi,kotohira,
JPN.17.5_1,JPN.17_1,Kagawa,Mannō,Machi,manno,
JPN.17.6_1,JPN.17_1,Kagawa,Marugame,Shi,marugame,
JPN.17.7_1,JPN.17_1,Kagawa,Miki,Machi,miki,
JPN.17.8_1,JPN.17_1,Kagawa,Mitoyo,Shi,mitoyo,
JPN.17.9_1,JPN.17_1,Kagawa,Sakaide,Shi,sakaide,
JPN.17.10_1,JPN.17_1,Kagawa,Sanuki,Shi,sanuki,
JPN.17.11_1,JPN.17_1,Kagawa,Tadotsu,Machi,tadotsu,
JPN.17.12_1,JPN.17_1,Kagawa,Takamatsu,Shi,takamatsu,
JPN.17.13_1,JPN.17_1,Kagawa,Utazu,Machi,utazu,
JPN.17.14_1,JPN.17_1,Kagawa,Zentsūji,Shi,zentsuji,
JPN.18.1_1,JPN.18_1,Kagoshima,Aira,Machi,aira,
JPN.18.2_1,JPN.18_1,Kagoshima,Akune,Shi,akune,
JPN.18.3_1,JPN.18_1,Kagoshima,Amagi,Machi,amagi,
JPN.18.4_1,JPN.18_1,Kagoshima,Amami,Shi,amami,
JPN.18.5_1,JPN.18_1,Kagoshima,China,Machi,china,
JPN.18.6_1,JPN.18_1,Kagoshima,Higashikushira,Machi,higashikushira,
JPN.18.7_1,JPN.18_1,Kagoshima,Hioki,Shi,hioki,
JPN.18.8_1,JPN.18_1,Kagoshima,Hishikari,Machi,hishikari,
JPN.18.9_1,JPN.18_1,Kagoshima,Ibusuki,Shi,ibusuki,
JPN.18.10_1,JPN.18_1,Kagoshima,Ichikikushikino,Shi,ichikikushikino,
JPN.18.11_1,JPN.18_1,Kagoshima,Isen,Machi,isen,
JPN.18.12_1,JPN.18_1,Kagoshima,Izumi,Shi,izumi,
JPN.18.13_1,JPN.18_1,Kagoshima,Kagoshima,Shi,kagoshima,
JPN.18.14_1,JPN.18_1,Kagoshima,Kajiki,Machi,kajiki,
JPN.18.15_1,JPN.18_1,Kagoshima,Kamō,Machi,kamo,
JPN.18.16_1,JPN.18_1,Kagoshima,Kanoya,Shi,kanoya,
JPN.18.17_1,JPN.18_1,Kagoshima,Kikai,Machi,kikai,
JPN.18.18_1,JPN.18_1,Kagoshima,Kimotsuki,Machi,kimotsuki,
JPN.18.19_1,JPN.18_1,Kagoshima,Kinkō,Machi,kinko,
JPN.18.20_1,JPN.18_1,Kagoshima,Kirishima,Shi,kirishima,
JPN.18.21_1,JPN.18_1,Kagoshima,Makurazaki,Shi,makurazaki,
JPN.18.22_1,JPN.18_1,Kagoshima,Minamikyūshū,Machi,minamikyushu,
JPN.18.23_1,JPN.18_1,Kagoshima,Minamiōsumi,Machi,minamiosumi,
JPN.18.24_1,JPN.18_1,Kagoshima,Minamisatsuma,Shi,minamisatsuma,
JPN.18.25_1,JPN.18_1,Kagoshima,Minamitane,Machi,minamitane,
JPN.18.26_1,JPN.18_1,Kagoshima,Mishima,Machi,mishima,
JPN.18.27_1,JPN.18_1,Kagoshima,Nagashima,Machi,nagashima,
JPN.18.28_1,JPN.18_1,Kagoshima,Nakatane,Machi,nakatane,
JPN.18.29_1,JPN.18_1,Kagoshima,Nishinoomote,Shi,nishinoomote,
JPN.18.30_1,JPN.18_1,Kagoshima,Ōkuchi,Shi,okuchi,
JPN.18.31_1,JPN.18_1,Kagoshima,Ōsaki,Machi,osaki,
JPN.18.32_1,JPN.18_1,Kagoshima,Satsuma,Machi,satsuma,
JPN.18.33_1,JPN.18_1,Kagoshima,Satsumasendai,Shi,satsumasendai,
JPN.18.34_1,JPN.18_1,Kagoshima,Setouchi,Machi,setouchi,
JPN.18.35_1,JPN.18_1,Kagoshima,Shibushi,Shi,shibushi,
JPN.18.36_1,JPN.18_1,Kagoshima,Soo,Shi,soo,
JPN.18.37_1,JPN.18_1,Kagoshima,Tarumizu,Shi,tarumizu,
JPN.18.38_1,JPN.18_1,Kagoshima,Tatsugō,Machi,tatsugo,
JPN.18.39_1,JPN.18_1,Kagoshima,Tokunoshima,Machi,tokunoshima,
JPN.18.40_1,JPN.18_1,Kagoshima,Toshima,Machi,toshima,
JPN.18.41_1,JPN.18_1,Kagoshima,Uken,Mura,uken,
JPN.18.42_1,JPN.18_1,Kagoshima,Wadomari,Machi,wadomari,
JPN.18.43_1,JPN.18_1,Kagoshima,Yakushima,Machi,yakushima,
JPN.18.44_1,JPN.18_1,Kagoshima,Yamato,Mura,yamato,
JPN.18.45_1,JPN.18_1,Kagoshima,Yoron,Machi,yoron,
JPN.18.46_1,JPN.18_1,Kagoshima,Yūsui,Machi,yusui,
JPN.19.1_1,JPN.19_1,Kanagawa,Aikawa,Machi,aikawa,
JPN.19.2_1,JPN.19_1,Kanagawa,Atsugi,Shi,atsugi,
JPN.19.3_1,JPN.19_1,Kanagawa,Ayase,Shi,ayase,
JPN.19.4_1,JPN.19_1,Kanagawa,Chigasaki,Shi,chigasaki,
JPN.19.5_1,JPN.19_1,Kanagawa,Ebina,Shi,ebina,
JPN.19.6_1,JPN.19_1,Kanagawa,Fujisawa,Shi,fujisawa,
JPN.19.7_1,JPN.19_1,Kanagawa,Hadano,Shi,hadano,
JPN.19.8_1,JPN.19_1,Kanagawa,Hakone,Machi,hakone,
JPN.19.9_1,JPN.19_1,Kanagawa,Hayama,Machi,hayama,
JPN.19.10_1,JPN.19_1,Kanagawa,Hiratsuka,Shi,hiratsuka,
JPN.19.11_1,JPN.19_1,Kanagawa,Isehara,Shi,isehara,
JPN.19.12_1,JPN.19_1,Kanagawa,Kaisei,Machi,kaisei,
JPN.19.13_1,JPN.19_1,Kanagawa,Kamakura,Shi,kamakura,
JPN.19.14_1,JPN.19_1,Kanagawa,Kawasaki,Shi,kawasaki,
JPN.19.15_1,JPN.19_1,Kanagawa,Kiyokawa,Machi,kiyokawa,
JPN.19.16_1,JPN.19_1,Kanagawa,Manazuru,Machi,manazuru,
JPN.19.17_1,JPN.19_1,Kanagawa,Matsuda,Machi,matsuda,
JPN.19.18_1,JPN.19_1,Kanagawa,Minamiashigara,Shi,minamiashigara,
JPN.19.19_1,JPN.19_1,Kanagawa,Miura,Shi,miura,
JPN.19.20_1,JPN.19_1,Kanagawa,Nakai,Machi,nakai,
JPN.19.21_1,JPN.19_1,Kanagawa,Ninomiya,Machi,ninomiya,
JPN.19.22_1,JPN.19_1,Kanagawa,Odawara,Shi,odawara,
JPN.19.23_1,JPN.19_1,Kanagawa,Ōi,Machi,oi,
JPN.19.24_1,JPN.19_1,Kanagawa,Ōiso,Machi,oiso,
JPN.19.25_1,JPN.19_1,Kanagawa,Sagamihara,Shi,sagamihara,
JPN.19.26_1,JPN.19_1,Kanagawa,Samukawa,Machi,samukawa,
JPN.19.27_1,JPN.19_1,Kanagawa,Yamakita,Machi,yamakita,
JPN.19.28_1,JPN.19_1,Kanagawa,Yamato,Shi,yamato,
JPN.19.29_1,JPN.19_1,Kanagawa,Yokohama,Shi,yokohama,
JPN.19.30_1,JPN.19_1,Kanagawa,Yokosuka,Shi,yokosuka,
JPN.19.31_1,JPN.19_1,Kanagawa,Yugawara,Machi,yugawara,
JPN.19.32_1,JPN.19_1,Kanagawa,Zama,Shi,zama,
JPN.19.33_1,JPN.19_1,Kanagawa,Zushi,Shi,zushi,
JPN.20.1_1,JPN.20_1,Kochi,Aki,Shi,aki,
JPN.20.2_1,JPN.20_1,Kochi,Geisei,Mura,geisei,
JPN.20.3_1,JPN.20_1,Kochi,Haruno,Machi,haruno,
JPN.20.4_1,JPN.20_1,Kochi,Hidaka,Machi,hidaka,
JPN.20.5_1,JPN.20_1,Kochi,Ino,Machi,ino,
JPN.20.6_1,JPN.20_1,Kochi,Kami,Shi,kami,
JPN.20.7_1,JPN.20_1,Kochi,Kitagawa,Mura,kitagawa,
JPN.20.8_1,JPN.20_1,Kochi,Kōchi,Shi,kochi,
JPN.20.9_1,JPN.20_1,Kochi,Kōnan,Shi,konan,
JPN.20.10_1,JPN.20_1,Kochi,Kuroshio,Machi,kuroshio,
JPN.20.11_1,JPN.20_1,Kochi,Mihara,Mura,mihara,
JPN.20.12_1,JPN.20_1,Kochi,Motoyama,Machi,motoyama,
JPN.20.13_1,JPN.20_1,Kochi,Muroto,Shi,muroto,
JPN.20.14_1,JPN.20_1,Kochi,Nahari,Machi,nahari,
JPN.20.15_1,JPN.20_1,Kochi,Nakatosa,Machi,nakatosa,
JPN.20.16_1,JPN.20_1,Kochi,Nankoku,Shi,nankoku,
JPN.20.17_1,JPN.20_1,Kochi,Niyodogawa,Machi,niyodogawa,
JPN.20.18_1,JPN.20_1,Kochi,Ochi,Machi,ochi,
JPN.20.19_1,JPN.20_1,Kochi,Ōkawa,Machi,okawa,
JPN.20.20_1,JPN.20_1,Kochi,Ōtoyo,Machi,otoyo,
JPN.20.21_1,JPN.20_1,Kochi,Ōtsuki,Machi,otsuki,
JPN.20.22_1,JPN.20_1,Kochi,Sakawa,Machi,sakawa,
JPN.20.23_1,JPN.20_1,Kochi,Shimanto,Machi,shimanto,
JPN.20.24_1,JPN.20_1,Kochi,ShimantoCity,Shi,shimantocity,
JPN.20.25_1,JPN.20_1,Kochi,Sukumo,Shi,sukumo,
JPN.20.26_1,JPN.20_1,Kochi,Susaki,Shi,susaki,
JPN.20.27_1,JPN.20_1,Kochi,Tano,Machi,tano,
JPN.20.28_1,JPN.20_1,Kochi,Tosa,Machi,tosa,
JPN.20.29_1,JPN.20_1,Kochi,TosaCity,Shi,tosacity,
JPN.20.30_1,JPN.20_1,Kochi,Tosashimizu,Shi,tosashimizu,
JPN.20.31_1,JPN.20_1,Kochi,Tōyō,Machi,toyo,
JPN.20.32_1,JPN.20_1,Kochi,Tsuno,Machi,tsuno,
JPN.20.33_1,JPN.20_1,Kochi,Umaji,Mura,umaji,
JPN.20.34_1,JPN.20_1,Kochi,Yasuda,Machi,yasuda,
JPN.20.35_1,JPN.20_1,Kochi,Yusuhara,Machi,yusuhara,
JPN.21.1_1,JPN.21_1,Kumamoto,Amakusa,Shi,amakusa,
JPN.21.42_1,JPN.21_1,Kumamoto,Arao,Shi,arao,
JPN.21.2_1,JPN.21_1,Kumamoto,Asagiri,Machi,asagiri,
JPN.21.3_1,JPN.21_1,Kumamoto,Ashikita,Machi,ashikita,
JPN.21.4_1,JPN.21_1,Kumamoto,Aso,Shi,aso,
JPN.21.5_1,JPN.21_1,Kumamoto,Gyokutō,Machi,gyokuto,
JPN.21.6_1,JPN.21_1,Kumamoto,Hikawa,Machi,hikawa,
JPN.21.7_1,JPN.21_1,Kumamoto,Hitoyoshi,Shi,hitoyoshi,
JPN.21.8_1,JPN.21_1,Kumamoto,Itsuki,Mura,itsuki,
JPN.21.9_1,JPN.21_1,Kumamoto,Jōnan,Machi,jonan,
JPN.21.10_1,JPN.21_1,Kumamoto,Kami-Amakusa,Shi,kamiamakusa,
JPN.21.11_1,JPN.21_1,Kumamoto,Kashima,Machi,kashima,
JPN.21.12_1,JPN.21_1,Kumamoto,Kikuchi,Shi,kikuchi,
JPN.21.13_1,JPN.21_1,Kumamoto,Kikuyō,Machi,kikuyo,
JPN.21.14_1,JPN.21_1,Kumamoto,Kōsa,Machi,kosa,
JPN.21.15_1,JPN.21_1,Kumamoto,Kōshi,Shi,koshi,
JPN.21.16_1,JPN.21_1,Kumamoto,Kuma,Mura,kuma,
JPN.21.17_1,JPN.21_1,Kumamoto,Kumamoto,Shi,kumamoto,
JPN.21.18_1,JPN.21_1,Kumamoto,Mashiki,Machi,mashiki,
JPN.21.19_1,JPN.21_1,Kumamoto,Mifune,Machi,mifune,
JPN.21.20_1,JPN.21_1,Kumamoto,Minamata,Shi,minamata,
JPN.21.21_1,JPN.21_1,Kumamoto,Minamiaso,Mura,minamiaso,
JPN.21.22_1,JPN.21_1,Kumamoto,Minamioguni,Machi,minamioguni,
JPN.21.23_1,JPN.21_1,Kumamoto,Misato,Machi,misato,
JPN.21.24_1,JPN.21_1,Kumamoto,Mizukami,Mura,mizukami,
JPN.21.25_1,JPN.21_1,Kumamoto,Nagasu,Machi,nagasu,
JPN.21.26_1,JPN.21_1,Kumamoto,Nagomi,Machi,nagomi,
JPN.21.27_1,JPN.21_1,Kumamoto,Nankan,Machi,nankan,
JPN.21.28_1,JPN.21_1,Kumamoto,Nishihara,Mura,nishihara,
JPN.21.29_1,JPN.21_1,Kumamoto,Nishiki,Machi,nishiki,
JPN.21.30_1,JPN.21_1,Kumamoto,Oguni,Machi,oguni,
JPN.21.31_1,JPN.21_1,Kumamoto,Ōzu,Machi,ozu,
JPN.21.32_1,JPN.21_1,Kumamoto,Reihoku,Machi,reihoku,
JPN.21.33_1,JPN.21_1,Kumamoto,Sagara,Mura,sagara,
JPN.21.34_1,JPN.21_1,Kumamoto,Takamori,Machi,takamori,
JPN.21.35_1,JPN.21_1,Kumamoto,Tamana,Shi,tamana,
JPN.21.36_1,JPN.21_1,Kumamoto,Taragi,Machi,taragi,
JPN.21.37_1,JPN.21_1,Kumamoto,Tomiai,Machi,tomiai,
JPN.21.38_1,JPN.21_1,Kumamoto,Tsunagi,Machi,tsunagi,
JPN.21.39_1,JPN.21_1,Kumamoto,Ubuyama,Mura,ubuyama,
JPN.21.40_1,JPN.21_1,Kumamoto,Ueki,Machi,ueki,
JPN.21.41_1,JPN.21_1,Kumamoto,Uki,Shi,uki,
JPN.21.43_1,JPN.21_1,Kumamoto,Uto,Shi,uto,
JPN.21.44_1,JPN.21_1,Kumamoto,Yamae,Mura,yamae,
JPN.21.45_1,JPN.21_1,Kumamoto,Yamaga,Shi,yamaga,
JPN.21.46_1,JPN.21_1,Kumamoto,Yamato,Machi,yamato,
JPN.21.47_1,JPN.21_1,Kumamoto,Yatsushiro,Shi,yatsushiro,
JPN.21.48_1,JPN.21_1,Kumamoto,Yunomae,Machi,yunomae,
JPN.22.1_1,JPN.22_1,Kyoto,Ayabe,Shi,ayabe,
JPN.22.2_1,JPN.22_1,Kyoto,Fukuchiyama,Shi,fukuchiyama,
JPN.22.3_1,JPN.22_1,Kyoto,Ide,Machi,ide,
JPN.22.4_1,JPN.22_1,Kyoto,Ine,Machi,ine,
JPN.22.5_1,JPN.22_1,Kyoto,Jōyō,Shi,joyo,
JPN.22.6_1,JPN.22_1,Kyoto,Kameoka,Shi,kameoka,
JPN.22.7_1,JPN.22_1,Kyoto,Kasagi,Machi,kasagi,
JPN.22.8_1,JPN.22_1,Kyoto,Kizugawa,Shi,kizugawa,
JPN.22.9_1,JPN.22_1,Kyoto,Kumiyama,Machi,kumiyama,
JPN.22.10_1,JPN.22_1,Kyoto,Kyōtamba,Machi,kyotamba,
JPN.22.11_1,JPN.22_1,Kyoto,Kyōtanabe,Shi,kyotanabe,
JPN.22.12_1,JPN.22_1,Kyoto,Kyōtango,Shi,kyotango,
JPN.22.13_1,JPN.22_1,Kyoto,Kyoto,Shi,kyoto,
JPN.22.14_1,JPN.22_1,Kyoto,Maizuru,Shi,maizuru,
JPN.22.15_1,JPN.22_1,Kyoto,Minamiyamashiro,Mura,minamiyamashiro,
JPN.22.16_1,JPN.22_1,Kyoto,Miyazu,Shi,miyazu,
JPN.22.17_1,JPN.22_1,Kyoto,Mukō,Shi,muko,
JPN.22.18_1,JPN.22_1,Kyoto,Nagaokakyō,Shi,nagaokakyo,
JPN.22.19_1,JPN.22_1,Kyoto,Nantan,Shi,nantan,
JPN.22.20_1,JPN.22_1,Kyoto,Ōyamazaki,Machi,oyamazaki,
JPN.22.21_1,JPN.22_1,Kyoto,Seika,Machi,seika,
JPN.22.22_1,JPN.22_1,Kyoto,Uji,Shi,uji,
JPN.22.23_1,JPN.22_1,Kyoto,Ujitawara,Machi,ujitawara,
JPN.22.24_1,JPN.22_1,Kyoto,Wazuka,Machi,wazuka,
JPN.22.25_1,JPN.22_1,Kyoto,Yawata,Shi,yawata,
JPN.22.26_1,JPN.22_1,Kyoto,Yosano,Machi,yosano,
JPN.23.1_1,JPN.23_1,Mie,Asahi,Machi,asahi,
JPN.23.2_1,JPN.23_1,Mie,Iga,Shi,iga,
JPN.23.3_1,JPN.23_1,Mie,Inabe,Shi,inabe,
JPN.23.4_1,JPN.23_1,Mie,Ise,Shi,ise,
JPN.23.5_1,JPN.23_1,Mie,Kameyama,Shi,kameyama,
JPN.23.6_1,JPN.23_1,Mie,Kawagoe,Machi,kawagoe,
JPN.23.7_1,JPN.23_1,Mie,Kihō,Machi,kiho,
JPN.23.8_1,JPN.23_1,Mie,Kihoku,Machi,kihoku,
JPN.23.9_1,JPN.23_1,Mie,Komono,Machi,komono,
JPN.23.10_1,JPN.23_1,Mie,Kumano,Shi,kumano,
JPN.23.11_1,JPN.23_1,Mie,Kuwana,Shi,kuwana,
JPN.23.12_1,JPN.23_1,Mie,Matsusaka,Shi,matsusaka,
JPN.23.13_1,JPN.23_1,Mie,Meiwa,Machi,meiwa,
JPN.23.14_1,JPN.23_1,Mie,Mihama,Machi,mihama,
JPN.23.15_1,JPN.23_1,Mie,Minamiise,Machi,minamiise,
JPN.23.16_1,JPN.23_1,Mie,Nabari,Shi,nabari,
JPN.23.17_1,JPN.23_1,Mie,Ōdai,Mura,odai,
JPN.23.18_1,JPN.23_1,Mie,Owase,Shi,owase,
JPN.23.19_1,JPN.23_1,Mie,Shima,Shi,shima,
JPN.23.20_1,JPN.23_1,Mie,Suzuka,Shi,suzuka,
JPN.23.21_1,JPN.23_1,Mie,Taiki,Machi,taiki,
JPN.23.22_1,JPN.23_1,Mie,Taki,Mura,taki,
JPN.23.23_1,JPN.23_1,Mie,Tamaki,Machi,tamaki,
JPN.23.24_1,JPN.23_1,Mie,Toba,Shi,toba,
JPN.23.25_1,JPN.23_1,Mie,Tōin,Machi,toin,
JPN.23.26_1,JPN.23_1,Mie,Tsu,Shi,tsu,
JPN.23.27_1,JPN.23_1,Mie,Watarai,Machi,watarai,
JPN.23.28_1,JPN.23_1,Mie,Yokkaichi,Shi,yokkaichi,
JPN.24.1_1,JPN.24_1,Miyagi,Higashimatsushima,Shi,higashimatsushima,
JPN.24.2_1,JPN.24_1,Miyagi,Ishinomaki,Shi,ishinomaki,
JPN.24.3_1,JPN.24_1,Miyagi,Iwanuma,Shi,iwanuma,
JPN.24.4_1,JPN.24_1,Miyagi,Kakuda,Shi,kakuda,
JPN.24.5_1,JPN.24_1,Miyagi,KamiTown,Machi,kamitown,
JPN.24.6_1,JPN.24_1,Miyagi,Kawasaki,Machi,kawasaki,
JPN.24.7_1,JPN.24_1,Miyagi,Kesennuma,Shi,kesennuma,
JPN.24.8_1,JPN.24_1,Miyagi,Kurihara,Shi,kurihara,
JPN.24.9_1,JPN.24_1,Miyagi,Marumori,Machi,marumori,
JPN.24.10_1,JPN.24_1,Miyagi,Matsushima,Machi,matsushima,
JPN.24.11_1,JPN.24_1,Miyagi,Minamisanriku,Machi,minamisanriku,
JPN.24.12_1,JPN.24_1,Miyagi,Misato,Machi,misato,
JPN.24.13_1,JPN.24_1,Miyagi,Motoyoshi,Machi,motoyoshi,
JPN.24.14_1,JPN.24_1,Miyagi,Murata,Machi,murata,
JPN.24.15_1,JPN.24_1,Miyagi,Natori,Shi,natori,
JPN.24.16_1,JPN.24_1,Miyagi,Ōgawara,Machi,ogawara,
JPN.24.17_1,JPN.24_1,Miyagi,Ōhira,Machi,ohira,
JPN.24.18_1,JPN.24_1,Miyagi,Onagawa,Machi,onagawa,
JPN.24.19_1,JPN.24_1,Miyagi,Ōsaki,Shi,osaki,
JPN.24.20_1,JPN.24_1,Miyagi,Ōsato,Machi,osato,
JPN.24.21_1,JPN.24_1,Miyagi,Rifu,Machi,rifu,
JPN.24.22_1,JPN.24_1,Miyagi,Sendai,Shi,sendai,
JPN.24.23_1,JPN.24_1,Miyagi,Shibata,Machi,shibata,
JPN.24.24_1,JPN.24_1,Miyagi,Shichigahama,Machi,shichigahama,
JPN.24.25_1,JPN.24_1,Miyagi,Shichikashuku,Machi,shichikashuku,
JPN.24.26_1,JPN.24_1,Miyagi,Shikama,Machi,shikama,
JPN.24.27_1,JPN.24_1,Miyagi,Shiogama,Shi,shiogama,
JPN.24.28_1,JPN.24_1,Miyagi,Shiroishi,Shi,shiroishi,
JPN.24.29_1,JPN.24_1,Miyagi,Tagajō,Shi,tagajo,
JPN.24.30_1,JPN.24_1,Miyagi,Taiwa,Machi,taiwa,
JPN.24.31_1,JPN.24_1,Miyagi,Tome,Shi,tome,
JPN.24.32_1,JPN.24_1,Miyagi,Tomiya,Machi,tomiya,
JPN.24.33_1,JPN.24_1,Miyagi,Wakuya,Machi,wakuya,
JPN.24.34_1,JPN.24_1,Miyagi,Watari,Machi,watari,
JPN.24.35_1,JPN.24_1,Miyagi,Yamamoto,Machi,yamamoto,
JPN.24.36_1,JPN.24_1,Miyagi,Zaō,Machi,zao,
JPN.25.1_1,JPN.25_1,Miyazaki,Aya,Machi,aya,
JPN.25.2_1,JPN.25_1,Miyazaki,Ebino,Shi,ebino,
JPN.25.3_1,JPN.25_1,Miyazaki,Gokase,Machi,gokase,
JPN.25.4_1,JPN.25_1,Miyazaki,Hinokage,Machi,hinokage,
JPN.25.5_1,JPN.25_1,Miyazaki,Hyūga,Shi,hyuga,
JPN.25.6_1,JPN.25_1,Miyazaki,Kadogawa,Machi,kadogawa,
JPN.25.7_1,JPN.25_1,Miyazaki,Kawaminami,Machi,kawaminami,
JPN.25.8_1,JPN.25_1,Miyazaki,Kijō,Machi,kijo,
JPN.25.9_1,JPN.25_1,Miyazaki,Kitagō,Machi,kitago,
JPN.25.10_1,JPN.25_1,Miyazaki,Kiyotake,Machi,kiyotake,
JPN.25.11_1,JPN.25_1,Miyazaki,Kobayashi,Shi,kobayashi,
JPN.25.12_1,JPN.25_1,Miyazaki,Kunitomi,Machi,kunitomi,
JPN.25.13_1,JPN.25_1,Miyazaki,Kushima,Shi,kushima,
JPN.25.14_1,JPN.25_1,Miyazaki,Mimata,Machi,mimata,
JPN.25.15_1,JPN.25_1,Miyazaki,Misato,Machi,misato,
JPN.25.16_1,JPN.25_1,Miyazaki,Miyakonojō,Shi,miyakonojo,
JPN.25.17_1,JPN.25_1,Miyazaki,Miyazaki,Shi,miyazaki,
JPN.25.18_1,JPN.25_1,Miyazaki,Morotsuka,Mura,morotsuka,
JPN.25.19_1,JPN.25_1,Miyazaki,Nangō,Machi,nango,
JPN.25.20_1,JPN.25_1,Miyazaki,Nichinan,Shi,nichinan,
JPN.25.21_1,JPN.25_1,Miyazaki,Nishimera,Machi,nishimera,
JPN.25.22_1,JPN.25_1,Miyazaki,Nobeoka,Shi,nobeoka,
JPN.25.23_1,JPN.25_1,Miyazaki,Nojiri,Machi,nojiri,
JPN.25.24_1,JPN.25_1,Miyazaki,Saito,Shi,saito,
JPN.25.25_1,JPN.25_1,Miyazaki,Shība,Mura,shiba,
JPN.25.26_1,JPN.25_1,Miyazaki,Shintomi,Machi,shintomi,
JPN.25.27_1,JPN.25_1,Miyazaki,Takachiho,Machi,takachiho,
JPN.25.28_1,JPN.25_1,Miyazaki,Takaharu,Machi,takaharu,
JPN.25.29_1,JPN.25_1,Miyazaki,Takanabe,Machi,takanabe,
JPN.25.30_1,JPN.25_1,Miyazaki,Tsuno,Machi,tsuno,
JPN.26.1_1,JPN.26_1,Nagano,Achi,Mura,achi,
JPN.26.2_1,JPN.26_1,Nagano,Agematsu,Machi,agematsu,
JPN.26.3_1,JPN.26_1,Nagano,Anan,Machi,anan,
JPN.26.4_1,JPN.26_1,Nagano,Aoki,Mura,aoki,
JPN.26.5_1,JPN.26_1,Nagano,Asahi,Machi,asahi,
JPN.26.6_1,JPN.26_1,Nagano,Azumino,Shi,azumino,
JPN.26.7_1,JPN.26_1,Nagano,Chikuhoku,Mura,chikuhoku,
JPN.26.8_1,JPN.26_1,Nagano,Chikuma,Shi,chikuma,
JPN.26.9_1,JPN.26_1,Nagano,Chino,Shi,chino,
JPN.26.10_1,JPN.26_1,Nagano,Fujimi,Machi,fujimi,
JPN.26.11_1,JPN.26_1,Nagano,Hakuba,Mura,hakuba,
JPN.26.12_1,JPN.26_1,Nagano,Hara,Mura,hara,
JPN.26.13_1,JPN.26_1,Nagano,Hata,Machi,hata,
JPN.26.14_1,JPN.26_1,Nagano,Hiraya,Mura,hiraya,
JPN.26.15_1,JPN.26_1,Nagano,Iida,Shi,iida,
JPN.26.16_1,JPN.26_1,Nagano,Iijima,Machi,iijima,
JPN.26.17_1,JPN.26_1,Nagano,Iiyama,Shi,iiyama,
JPN.26.18_1,JPN.26_1,Nagano,Iizuna,Machi,iizuna,
JPN.26.19_1,JPN.26_1,Nagano,Ikeda,Machi,ikeda,
JPN.26.20_1,JPN.26_1,Nagano,Ikusaka,Mura,ikusaka,
JPN.26.21_1,JPN.26_1,Nagano,Ina,Shi,ina,
JPN.26.78_1,JPN.26_1,Nagano,Kamiina,Gun,kamiina,Y
JPN.26.22_1,JPN.26_1,Nagano,Karuizawa,Machi,karuizawa,
JPN.26.23_1,JPN.26_1,Nagano,Kawakami,Mura,kawakami,
JPN.26.24_1,JPN.26_1,Nagano,Kijimadaira,Mura,kijimadaira,
JPN.26.25_1,JPN.26_1,Nagano,Kiso,Machi,kiso,
JPN.26.26_1,JPN.26_1,Nagano,KisoVillage,Mura,kisovillage,
JPN.26.27_1,JPN.26_1,Nagano,Kitaaiki,Mura,kitaaiki,
JPN.26.77_1,JPN.26_1,Nagano,Kitaazumi,Gun,kitaazumi,Y
JPN.26.28_1,JPN.26_1,Nagano,Komagane,Shi,komagane,
JPN.26.29_1,JPN.26_1,Nagano,Komoro,Shi,komoro,
JPN.26.30_1,JPN.26_1,Nagano,Koumi,Machi,koumi,
JPN.26.31_1,JPN.26_1,Nagano,Matsukawa,Machi,matsukawa,
JPN.26.32_1,JPN.26_1,Nagano,Matsumoto,Shi,matsumoto,
JPN.26.33_1,JPN.26_1,Nagano,Minamiaiki,Mura,minamiaiki,
JPN.26.34_1,JPN.26_1,Nagano,Minamimak,Mura,minamimak,
JPN.26.35_1,JPN.26_1,Nagano,Minamiminowa,Mura,minamiminowa,
JPN.26.36_1,JPN.26_1,Nagano,Minowa,Machi,minowa,
JPN.26.37_1,JPN.26_1,Nagano,Miyada,Mura,miyada,
JPN.26.38_1,JPN.26_1,Nagano,Miyota,Machi,miyota,
JPN.26.39_1,JPN.26_1,Nagano,Nagano,Shi,nagano,
JPN.26.40_1,JPN.26_1,Nagano,Nagawa,Machi,nagawa,
JPN.26.41_1,JPN.26_1,Nagano,Nagiso,Machi,nagiso,
JPN.26.42_1,JPN.26_1,Nagano,Nakagawa,Mura,nakagawa,
JPN.26.43_1,JPN.26_1,Nagano,Nakajō,Mura,nakajo,
JPN.26.44_1,JPN.26_1,Nagano,Nakano,Shi,nakano,
JPN.26.45_1,JPN.26_1,Nagano,Neba,Mura,neba,
JPN.26.46_1,JPN.26_1,Nagano,Nozawaonsen,Mura,nozawaonsen,
JPN.26.47_1,JPN.26_1,Nagano,Obuse,Machi,obuse,
JPN.26.48_1,JPN.26_1,Nagano,Ogawa,Mura,ogawa,
JPN.26.49_1,JPN.26_1,Nagano,Okaya,Shi,okaya,
JPN.26.50_1,JPN.26_1,Nagano,Ōkuwa,Mura,okuwa,
JPN.26.51_1,JPN.26_1,Nagano,Ōmachi,Shi,omachi,
JPN.26.52_1,JPN.26_1,Nagano,Omi,Mura,omi,
JPN.26.53_1,JPN.26_1,Nagano,Ōshika,Mura,oshika,
JPN.26.54_1,JPN.26_1,Nagano,Ōtaki,Mura,otaki,
JPN.26.55_1,JPN.26_1,Nagano,Otari,Mura,otari,
JPN.26.56_1,JPN.26_1,Nagano,Sakae,Mura,sakae,
JPN.26.57_1,JPN.26_1,Nagano,Sakaki,Machi,sakaki,
JPN.26.58_1,JPN.26_1,Nagano,Saku,Shi,saku,
JPN.26.59_1,JPN.26_1,Nagano,Sakuho,Machi,sakuho,
JPN.26.60_1,JPN.26_1,Nagano,Seinaiji,Mura,seinaiji,
JPN.26.61_1,JPN.26_1,Nagano,Shimojō,Mura,shimojo,
JPN.26.62_1,JPN.26_1,Nagano,Shimosuwa,Machi,shimosuwa,
JPN.26.63_1,JPN.26_1,Nagano,Shinano,Machi,shinano,
JPN.26.64_1,JPN.26_1,Nagano,Shinshūshin,Machi,shinshushin,
JPN.26.65_1,JPN.26_1,Nagano,Shiojiri,Shi,shiojiri,
JPN.26.66_1,JPN.26_1,Nagano,Suwa,Shi,suwa,
JPN.26.67_1,JPN.26_1,Nagano,Suzaka,Shi,suzaka,
JPN.26.68_1,JPN.26_1,Nagano,Takagi,Mura,takagi,
JPN.26.69_1,JPN.26_1,Nagano,Takamori,Machi,takamori,
JPN.26.70_1,JPN.26_1,Nagano,Takayama,Mura,takayama,
JPN.26.71_1,JPN.26_1,Nagano,Tateshina,Machi,tateshina,
JPN.26.72_1,JPN.26_1,Nagano,Tatsuno,Machi,tatsuno,
JPN.26.73_1,JPN.26_1,Nagano,Tenryū,Mura,tenryu,
JPN.26.74_1,JPN.26_1,Nagano,Tōmi,Shi,tomi,
JPN.26.75_1,JPN.26_1,Nagano,Toyooka,Machi,toyooka,
JPN.26.76_1,JPN.26_1,Nagano,Ueda,Shi,ueda,
JPN.26.79_1,JPN.26_1,Nagano,Urugi,Mura,urugi,
JPN.26.80_1,JPN.26_1,Nagano,Yamagata,Mura,yamagata,
JPN.26.81_1,JPN.26_1,Nagano,Yamanouchi,Machi,yamanouchi,
JPN.26.82_1,JPN.26_1,Nagano,Yasuoka,Mura,yasuoka,
JPN.27.1_1,JPN.27_1,Naoasaki,Emukae,Machi,emukae,
JPN.27.2_1,JPN.27_1,Naoasaki,Gotō,Shi,goto,
JPN.27.3_1,JPN.27_1,Naoasaki,Hasami,Machi,hasami,
JPN.27.4_1,JPN.27_1,Naoasaki,Higashisonogi,Machi,higashisonogi,
JPN.27.5_1,JPN.27_1,Naoasaki,Hirado,Shi,hirado,
JPN.27.6_1,JPN.27_1,Naoasaki,Iki,Shi,iki,
JPN.27.7_1,JPN.27_1,Naoasaki,Isahaya,Shi,isahaya,
JPN.27.8_1,JPN.27_1,Naoasaki,Kawatana,Machi,kawatana,
JPN.27.9_1,JPN.27_1,Naoasaki,Matsuura,Shi,matsuura,
JPN.27.10_1,JPN.27_1,Naoasaki,Minamishimabara,Shi,minamishimabara,
JPN.27.11_1,JPN.27_1,Naoasaki,Nagasaki,Shi,nagasaki,
JPN.27.12_1,JPN.27_1,Naoasaki,Nagayo,Machi,nagayo,
JPN.27.13_1,JPN.27_1,Naoasaki,Ojika,Machi,ojika,
JPN.27.14_1,JPN.27_1,Naoasaki,Ōmura,Shi,omura,
JPN.27.15_1,JPN.27_1,Naoasaki,Saikai,Shi,saikai,
JPN.27.16_1,JPN.27_1,Naoasaki,Sasebo,Shi,sasebo,
JPN.27.17_1,JPN.27_1,Naoasaki,Saza,Machi,saza,
JPN.27.18_1,JPN.27_1,Naoasaki,Shikamachi,Machi,shikamachi,
JPN.27.19_1,JPN.27_1,Naoasaki,Shimabara,Shi,shimabara,
JPN.27.20_1,JPN.27_1,Naoasaki,Shinkamigotō,Machi,shinkamigoto,
JPN.27.21_1,JPN.27_1,Naoasaki,Togitsu,Machi,togitsu,
JPN.27.22_1,JPN.27_1,Naoasaki,Tsushima,Shi,tsushima,
JPN.27.23_1,JPN.27_1,Naoasaki,Unzen,Shi,unzen,
JPN.28.1_1,JPN.28_1,Nara,Ando,Machi,ando,
JPN.28.2_1,JPN.28_1,Nara,Asuka,Mura,asuka,
JPN.28.3_1,JPN.28_1,Nara,Gojō,Shi,gojo,
JPN.28.4_1,JPN.28_1,Nara,Gose,Machi,gose,
JPN.28.5_1,JPN.28_1,Nara,Heguri,Machi,heguri,
JPN.28.6_1,JPN.28_1,Nara,Higashiyoshino,Mura,higashiyoshino,
JPN.28.7_1,JPN.28_1,Nara,Ikaruga,Machi,ikaruga,
JPN.28.8_1,JPN.28_1,Nara,Ikoma,Shi,ikoma,
JPN.28.9_1,JPN.28_1,Nara,Kamikitayama,Mura,kamikitayama,
JPN.28.10_1,JPN.28_1,Nara,Kanmaki,Machi,kanmaki,
JPN.28.11_1,JPN.28_1,Nara,Kashiba,Shi,kashiba,
JPN.28.12_1,JPN.28_1,Nara,Kashihara,Shi,kashihara,
JPN.28.13_1,JPN.28_1,Nara,Katsuragi,Shi,katsuragi,
JPN.28.14_1,JPN.28_1,Nara,Kawai,Machi,kawai,
JPN.28.15_1,JPN.28_1,Nara,Kawakami,Mura,kawakami,
JPN.28.16_1,JPN.28_1,Nara,KawanishiTown,Machi,kawanishitown,
JPN.28.17_1,JPN.28_1,Nara,Kōryō,Machi,koryo,
JPN.28.18_1,JPN.28_1,Nara,Kurotaki,Mura,kurotaki,
JPN.28.19_1,JPN.28_1,Nara,Mitsue,Mura,mitsue,
JPN.28.20_1,JPN.28_1,Nara,Miyake,Machi,miyake,
JPN.28.21_1,JPN.28_1,Nara,Nara,Shi,nara,
JPN.28.22_1,JPN.28_1,Nara,Nosegawa,Mura,nosegawa,
JPN.28.23_1,JPN.28_1,Nara,Ōji,Machi,oji,
JPN.28.24_1,JPN.28_1,Nara,Ōyodo,Machi,oyodo,
JPN.28.25_1,JPN.28_1,Nara,Sakurai,Shi,sakurai,
JPN.28.26_1,JPN.28_1,Nara,Sangō,Machi,sango,
JPN.28.27_1,JPN.28_1,Nara,Shimoichi,Machi,shimoichi,
JPN.28.28_1,JPN.28_1,Nara,Shimokitayama,Mura,shimokitayama,
JPN.28.29_1,JPN.28_1,Nara,Soni,Mura,soni,
JPN.28.30_1,JPN.28_1,Nara,Takatori,Machi,takatori,
JPN.28.31_1,JPN.28_1,Nara,Tawaramoto,Machi,tawaramoto,
JPN.28.32_1,JPN.28_1,Nara,Tenkawa,Mura,tenkawa,
JPN.28.33_1,JPN.28_1,Nara,Tenri,Shi,tenri,
JPN.28.34_1,JPN.28_1,Nara,Totsukawa,Mura,totsukawa,
JPN.28.35_1,JPN.28_1,Nara,Uda,Shi,uda,
JPN.28.36_1,JPN.28_1,Nara,Yamatokōriyama,Shi,yamatokoriyama,
JPN.28.37_1,JPN.28_1,Nara,Yamatotakada,Shi,yamatotakada,
JPN.28.38_1,JPN.28_1,Nara,Yamazoe,Machi,yamazoe,
JPN.28.39_1,JPN.28_1,Nara,Yoshino,Machi,yoshino,
JPN.29.1_1,JPN.29_1,Niigata,Aga,Machi,aga,
JPN.29.2_1,JPN.29_1,Niigata,Agano,Shi,agano,
JPN.29.3_1,JPN.29_1,Niigata,Awashimaura,Machi,awashimaura,
JPN.29.4_1,JPN.29_1,Niigata,Gosen,Shi,gosen,
JPN.29.5_1,JPN.29_1,Niigata,Itoigawa,Shi,itoigawa,
JPN.29.6_1,JPN.29_1,Niigata,Izumozaki,Machi,izumozaki,
JPN.29.7_1,JPN.29_1,Niigata,Jōetsu,Shi,joetsu,
JPN.29.8_1,JPN.29_1,Niigata,Kamo,Shi,kamo,
JPN.29.9_1,JPN.29_1,Niigata,Kariwa,Mura,kariwa,
JPN.29.10_1,JPN.29_1,Niigata,Kashiwazaki,Shi,kashiwazaki,
JPN.29.11_1,JPN.29_1,Niigata,Kawaguchi,Machi,kawaguchi,
JPN.29.12_1,JPN.29_1,Niigata,Minamiuonuma,Shi,minamiuonuma,
JPN.29.13_1,JPN.29_1,Niigata,Mitsuke,Shi,mitsuke,
JPN.29.14_1,JPN.29_1,Niigata,Murakami,Shi,murakami,
JPN.29.15_1,JPN.29_1,Niigata,Myōkō,Shi,myoko,
JPN.29.16_1,JPN.29_1,Niigata,Nagaoka,Shi,nagaoka,
JPN.29.17_1,JPN.29_1,Niigata,Niigata,Shi,niigata,
JPN.29.18_1,JPN.29_1,Niigata,Ojiya,Shi,ojiya,
JPN.29.19_1,JPN.29_1,Niigata,Sado,Shi,sado,
JPN.29.20_1,JPN.29_1,Niigata,Sanjō,Shi,sanjo,
JPN.29.21_1,JPN.29_1,Niigata,Seirō,Machi,seiro,
JPN.29.22_1,JPN.29_1,Niigata,Sekikawa,Mura,sekikawa,
JPN.29.23_1,JPN.29_1,Niigata,Shibata,Shi,shibata,
JPN.29.24_1,JPN.29_1,Niigata,Tagami,Machi,tagami,
JPN.29.25_1,JPN.29_1,Niigata,Tainai,Shi,tainai,
JPN.29.26_1,JPN.29_1,Niigata,Tōkamachi,Shi,tokamachi,
JPN.29.27_1,JPN.29_1,Niigata,Tsubame,Shi,tsubame,
JPN.29.28_1,JPN.29_1,Niigata,Tsunan,Machi,tsunan,
JPN.29.29_1,JPN.29_1,Niigata,Uonuma,Shi,uonuma,
JPN.29.30_1,JPN.29_1,Niigata,Yahiko,Mura,yahiko,
JPN.29.31_1,JPN.29_1,Niigata,Yuzawa,Machi,yuzawa,
JPN.30.1_1,JPN.30_1,Oita,Beppu,Shi,beppu,
JPN.30.2_1,JPN.30_1,Oita,Bungo-ōno,Shi,bungoono,
JPN.30.3_1,JPN.30_1,Oita,Bungotakada,Shi,bungotakada,
JPN.30.4_1,JPN.30_1,Oita,Hiji,Machi,hiji,
JPN.30.5_1,JPN.30_1,Oita,Himeshima,Mura,himeshima,
JPN.30.6_1,JPN.30_1,Oita,Hita,Shi,hita,
JPN.30.7_1,JPN.30_1,Oita,Kitsuki,Shi,kitsuki,
JPN.30.8_1,JPN.30_1,Oita,Kokonoe,Machi,kokonoe,
JPN.30.9_1,JPN.30_1,Oita,Kunisaki,Shi,kunisaki,
JPN.30.10_1,JPN.30_1,Oita,Kusu,Machi,kusu,
JPN.30.11_1,JPN.30_1,Oita,Nakatsu,Shi,nakatsu,
JPN.30.12_1,JPN.30_1,Oita,Ōita,Shi,oita,
JPN.30.13_1,JPN.30_1,Oita,Saiki,Shi,saiki,
JPN.30.14_1,JPN.30_1,Oita,Taketa,Shi,taketa,
JPN.30.15_1,JPN.30_1,Oita,Tsukumi,Shi,tsukumi,
JPN.30.16_1,JPN.30_1,Oita,Usa,Shi,usa,
JPN.30.17_1,JPN.30_1,Oita,Usuki,Shi,usuki,
JPN.30.18_1,JPN.30_1,Oita,Yufu,Shi,yufu,
JPN.31.1_1,JPN.31_1,Okayama,Akaiwa,Shi,akaiwa,
JPN.31.2_1,JPN.31_1,Okayama,Asakuchi,Shi,asakuchi,
JPN.31.3_1,JPN.31_1,Okayama,Bizen,Shi,bizen,
JPN.31.4_1,JPN.31_1,Okayama,Hayashima,Machi,hayashima,
JPN.31.5_1,JPN.31_1,Okayama,Ibara,Shi,ibara,
JPN.31.6_1,JPN.31_1,Okayama,Kagamino,Machi,kagamino,
JPN.31.7_1,JPN.31_1,Okayama,Kasaoka,Shi,kasaoka,
JPN.31.8_1,JPN.31_1,Okayama,Kibichūō,Machi,kibichuo,
JPN.31.9_1,JPN.31_1,Okayama,Kumenan,Machi,kumenan,
JPN.31.10_1,JPN.31_1,Okayama,Kurashiki,Shi,kurashiki,
JPN.31.11_1,JPN.31_1,Okayama,Maniwa,Shi,maniwa,
JPN.31.12_1,JPN.31_1,Okayama,Mimasaka,Shi,mimasaka,
JPN.31.13_1,JPN.31_1,Okayama,Misaki,Machi,misaki,
JPN.31.14_1,JPN.31_1,Okayama,Nagi,Machi,nagi,
JPN.31.15_1,JPN.31_1,Okayama,Naoshima,Machi,naoshima,
JPN.31.16_1,JPN.31_1,Okayama,Niimi,Shi,niimi,
JPN.31.17_1,JPN.31_1,Okayama,Nishiawakura,Mura,nishiawakura,
JPN.31.18_1,JPN.31_1,Okayama,Okayama,Shi,okayama,
JPN.31.19_1,JPN.31_1,Okayama,Satoshō,Machi,satosho,
JPN.31.20_1,JPN.31_1,Okayama,Setouchi,Shi,setouchi,
JPN.31.21_1,JPN.31_1,Okayama,Shinjō,Mura,shinjo,
JPN.31.22_1,JPN.31_1,Okayama,Shōdoshima,Machi,shodoshima,
JPN.31.23_1,JPN.31_1,Okayama,Shōō,Machi,shoo,
JPN.31.24_1,JPN.31_1,Okayama,Sōja,Shi,soja,
JPN.31.25_1,JPN.31_1,Okayama,Takahashi,Shi,takahashi,
JPN.31.26_1,JPN.31_1,Okayama,Tamano,Shi,tamano,
JPN.31.27_1,JPN.31_1,Okayama,Tonoshō,Machi,tonosho,
JPN.31.28_1,JPN.31_1,Okayama,Tsuyama,Shi,tsuyama,
JPN.31.29_1,JPN.31_1,Okayama,Wake,Machi,wake,
JPN.31.30_1,JPN.31_1,Okayama,Yakage,Machi,yakage,
JPN.32.1_1,JPN.32_1,Okinawa,Aguni,Mura,aguni,
JPN.32.2_1,JPN.32_1,Okinawa,Chatan,Machi,chatan,
JPN.32.3_1,JPN.32_1,Okinawa,Ginowan,Shi,ginowan,
JPN.32.4_1,JPN.32_1,Okinawa,Ginoza,Mura,ginoza,
JPN.32.5_1,JPN.32_1,Okinawa,Haebaru,Machi,haebaru,
JPN.32.6_1,JPN.32_1,Okinawa,Higashi,Mura,higashi,
JPN.32.7_1,JPN.32_1,Okinawa,Ie,Mura,ie,
JPN.32.8_1,JPN.32_1,Okinawa,Iheya,Mura,iheya,
JPN.32.9_1,JPN.32_1,Okinawa,Ishigaki,Shi,ishigaki,
JPN.32.10_1,JPN.32_1,Okinawa,Itoman,Shi,itoman,
JPN.32.11_1,JPN.32_1,Okinawa,Izena,Mura,izena,
JPN.32.12_1,JPN.32_1,Okinawa,Kadena,Machi,kadena,
JPN.32.13_1,JPN.32_1,Okinawa,Kin,Machi,kin,
JPN.32.14_1,JPN.32_1,Okinawa,Kitanakagusuku,Mura,kitanakagusuku,
JPN.32.15_1,JPN.32_1,Okinawa,Kumejima,Machi,kumejima,
JPN.32.16_1,JPN.32_1,Okinawa,Kunigami,Mura,kunigami,
JPN.32.17_1,JPN.32_1,Okinawa,MinamiDaito,Machi,minamidaito,
JPN.32.34_1,JPN.32_1,Okinawa,Minamidaitō,Son,minamidaito,
JPN.32.18_1,JPN.32_1,Okinawa,Miyakojima,Shi,miyakojima,
JPN.32.19_1,JPN.32_1,Okinawa,Motobu,Machi,motobu,
JPN.32.20_1,JPN.32_1,Okinawa,Nago,Shi,nago,
JPN.32.21_1,JPN.32_1,Okinawa,Naha,Shi,naha,
JPN.32.22_1,JPN.32_1,Okinawa,Nakagusuku,Mura,nakagusuku,
JPN.32.23_1,JPN.32_1,Okinawa,Nakijin,Mura,nakijin,
JPN.32.24_1,JPN.32_1,Okinawa,Nanjō,Shi,nanjo,
JPN.32.25_1,JPN.32_1,Okinawa,Nishihara,Machi,nishihara,
JPN.32.26_1,JPN.32_1,Okinawa,Ōgimi,Mura,ogimi,
JPN.32.27_1,JPN.32_1,Okinawa,Okinawa,Shi,okinawa,
JPN.32.28_1,JPN.32_1,Okinawa,Onna,Mura,onna,
JPN.32.29_1,JPN.32_1,Okinawa,Taketomi,Machi,taketomi,
JPN.32.30_1,JPN.32_1,Okinawa,Tarama,Mura,tarama,
JPN.32.31_1,JPN.32_1,Okinawa,Tokashiki,Mura,tokashiki,
JPN.32.32_1,JPN.32_1,Okinawa,Tomigusuku,Shi,tomigusuku,
JPN.32.33_1,JPN.32_1,Okinawa,Tonaki,Machi,tonaki,
JPN.32.36_1,JPN.32_1,Okinawa,Urasoe,Shi,urasoe,
JPN.32.37_1,JPN.32_1,Okinawa,Uruma,Shi,uruma,
JPN.32.38_1,JPN.32_1,Okinawa,Yaese,Machi,yaese,
JPN.32.39_1,JPN.32_1,Okinawa,Yomitan,Mura,yomitan,
JPN.32.40_1,JPN.32_1,Okinawa,Yonabaru,Machi,yonabaru,
JPN.32.41_1,JPN.32_1,Okinawa,Yonaguni,Machi,yonaguni,
JPN.32.42_1,JPN.32_1,Okinawa,Zamami,Mura,zamami,
JPN.33.1_1,JPN.33_1,Osaka,Chihayaakasaka,Mura,chihayaakasaka,
JPN.33.2_1,JPN.33_1,Osaka,Daitō,Shi,daito,
JPN.33.3_1,JPN.33_1,Osaka,Fujiidera,Shi,fujiidera,
JPN.33.4_1,JPN.33_1,Osaka,Habikino,Shi,habikino,
JPN.33.5_1,JPN.33_1,Osaka,Hannan,Shi,hannan,
JPN.33.6_1,JPN.33_1,Osaka,Higashiōsaka,Shi,higashiosaka,
JPN.33.7_1,JPN.33_1,Osaka,Hirakata,Shi,hirakata,
JPN.33.8_1,JPN.33_1,Osaka,Ibaraki,Shi,ibaraki,
JPN.33.9_1,JPN.33_1,Osaka,Ikeda,Shi,ikeda,
JPN.33.10_1,JPN.33_1,Osaka,Izumi,Shi,izumi,
JPN.33.11_1,JPN.33_1,Osaka,Izumiōtsu,Shi,izumiotsu,
JPN.33.12_1,JPN.33_1,Osaka,Izumisano,Shi,izumisano,
JPN.33.13_1,JPN.33_1,Osaka,Kadoma,Shi,kadoma,
JPN.33.14_1,JPN.33_1,Osaka,Kaizuka,Shi,kaizuka,
JPN.33.15_1,JPN.33_1,Osaka,Kanan,Machi,kanan,
JPN.33.16_1,JPN.33_1,Osaka,Kashiwara,Shi,kashiwara,
JPN.33.17_1,JPN.33_1,Osaka,Katano,Shi,katano,
JPN.33.18_1,JPN.33_1,Osaka,Kawachinagano,Shi,kawachinagano,
JPN.33.19_1,JPN.33_1,Osaka,Kishiwada,Shi,kishiwada,
JPN.33.20_1,JPN.33_1,Osaka,Kumatori,Machi,kumatori,
JPN.33.21_1,JPN.33_1,Osaka,Matsubara,Shi,matsubara,
JPN.33.22_1,JPN.33_1,Osaka,Minoo,Shi,minoo,
JPN.33.23_1,JPN.33_1,Osaka,Misaki,Machi,misaki,
JPN.33.24_1,JPN.33_1,Osaka,Moriguchi,Shi,moriguchi,
JPN.33.25_1,JPN.33_1,Osaka,Neyagawa,Shi,neyagawa,
JPN.33.26_1,JPN.33_1,Osaka,Nose,Machi,nose,
JPN.33.27_1,JPN.33_1,Osaka,Osaka,Shi,osaka,
JPN.33.28_1,JPN.33_1,Osaka,Ōsakasayama,Shi,osakasayama,
JPN.33.29_1,JPN.33_1,Osaka,Sakai,Shi,sakai,
JPN.33.30_1,JPN.33_1,Osaka,Sennan,Shi,sennan,
JPN.33.31_1,JPN.33_1,Osaka,Settsu,Shi,settsu,
JPN.33.32_1,JPN.33_1,Osaka,Shijōnawate,Shi,shijonawate,
JPN.33.33_1,JPN.33_1,Osaka,Shimamoto,Machi,shimamoto,
JPN.33.34_1,JPN.33_1,Osaka,Suita,Shi,suita,
JPN.33.35_1,JPN.33_1,Osaka,Tadaoka,Machi,tadaoka,
JPN.33.36_1,JPN.33_1,Osaka,Taishi,Machi,taishi,
JPN.33.37_1,JPN.33_1,Osaka,Tajiri,Machi,tajiri,
JPN.33.38_1,JPN.33_1,Osaka,Takaishi,Shi,takaishi,
JPN.33.39_1,JPN.33_1,Osaka,Takatsuki,Shi,takatsuki,
JPN.33.40_1,JPN.33_1,Osaka,Tondabayashi,Shi,tondabayashi,
JPN.33.41_1,JPN.33_1,Osaka,Toyonaka,Shi,toyonaka,
JPN.33.42_1,JPN.33_1,Osaka,Toyono,Machi,toyono,
JPN.33.43_1,JPN.33_1,Osaka,Yao,Shi,yao,
JPN.34.1_1,JPN.34_1,Saga,Arita,Machi,arita,
JPN.34.2_1,JPN.34_1,Saga,Genkai,Machi,genkai,
JPN.34.3_1,JPN.34_1,Saga,Imari,Shi,imari,
JPN.34.4_1,JPN.34_1,Saga,Kamimine,Machi,kamimine,
JPN.34.5_1,JPN.34_1,Saga,Kanzaki,Shi,kanzaki,
JPN.34.6_1,JPN.34_1,Saga,Karatsu,Shi,karatsu,
JPN.34.7_1,JPN.34_1,Saga,Kashima,Shi,kashima,
JPN.34.8_1,JPN.34_1,Saga,Kiyama,Machi,kiyama,
JPN.34.9_1,JPN.34_1,Saga,Kōhoku,Machi,kohoku,
JPN.34.10_1,JPN.34_1,Saga,Miyaki,Machi,miyaki,
JPN.34.11_1,JPN.34_1,Saga,Ogi,Shi,ogi,
JPN.34.12_1,JPN.34_1,Saga,Ōmachi,Machi,omachi,
JPN.34.13_1,JPN.34_1,Saga,Saga,Shi,saga,
JPN.34.14_1,JPN.34_1,Saga,Shiroishi,Machi,shiroishi,
JPN.34.15_1,JPN.34_1,Saga,Takeo,Shi,takeo,
JPN.34.16_1,JPN.34_1,Saga,Taku,Shi,taku,
JPN.34.17_1,JPN.34_1,Saga,Tara,Machi,tara,
JPN.34.18_1,JPN.34_1,Saga,Tosu,Shi,tosu,
JPN.34.19_1,JPN.34_1,Saga,Ureshino,Shi,ureshino,
JPN.34.20_1,JPN.34_1,Saga,Yoshinogari,Machi,yoshinogari,
JPN.35.1_1,JPN.35_1,Saitama,Ageo,Shi,ageo,
JPN.35.2_1,JPN.35_1,Saitama,Asaka,Shi,asaka,
JPN.35.3_1,JPN.35_1,Saitama,Chichibu,Shi,chichibu,
JPN.35.4_1,JPN.35_1,Saitama,Fujimi,Shi,fujimi,
JPN.35.5_1,JPN.35_1,Saitama,Fujimino,Shi,fujimino,
JPN.35.6_1,JPN.35_1,Saitama,Fukaya,Shi,fukaya,
JPN.35.7_1,JPN.35_1,Saitama,Gyōda,Shi,gyoda,
JPN.35.8_1,JPN.35_1,Saitama,Hannō,Shi,hanno,
JPN.35.9_1,JPN.35_1,Saitama,Hanyū,Shi,hanyu,
JPN.35.10_1,JPN.35_1,Saitama,Hasuda,Shi,hasuda,
JPN.35.11_1,JPN.35_1,Saitama,Hatogaya,Shi,hatogaya,
JPN.35.12_1,JPN.35_1,Saitama,Hatoyama,Machi,hatoyama,
JPN.35.13_1,JPN.35_1,Saitama,Hidaka,Shi,hidaka,
JPN.35.14_1,JPN.35_1,Saitama,Higashichichibu,Machi,higashichichibu,
JPN.35.15_1,JPN.35_1,Saitama,Higashimatsuyama,Shi,higashimatsuyama,
JPN.35.16_1,JPN.35_1,Saitama,Honjō,Shi,honjo,
JPN.35.17_1,JPN.35_1,Saitama,Ina,Machi,ina,
JPN.35.18_1,JPN.35_1,Saitama,Iruma,Shi,iruma,
JPN.35.19_1,JPN.35_1,Saitama,Kamikawa,Machi,kamikawa,
JPN.35.20_1,JPN.35_1,Saitama,Kamisato,Machi,kamisato,
JPN.35.21_1,JPN.35_1,Saitama,Kasukabe,Shi,kasukabe,
JPN.35.22_1,JPN.35_1,Saitama,Kawagoe,Shi,kawagoe,
JPN.35.23_1,JPN.35_1,Saitama,Kawaguchi,Shi,kawaguchi,
JPN.35.24_1,JPN.35_1,Saitama,Kawajima,Machi,kawajima,
JPN.35.25_1,JPN.35_1,Saitama,Kazo,Shi,kazo,
JPN.35.26_1,JPN.35_1,Saitama,Kisai,Machi,kisai,
JPN.35.27_1,JPN.35_1,Saitama,Kitakawabe,Machi,kitakawabe,
JPN.35.28_1,JPN.35_1,Saitama,Kitamoto,Shi,kitamoto,
JPN.35.29_1,JPN.35_1,Saitama,Kōnosu,Shi,konosu,
JPN.35.30_1,JPN.35_1,Saitama,Koshigaya,Shi,koshigaya,
JPN.35.31_1,JPN.35_1,Saitama,Kuki,Shi,kuki,
JPN.35.32_1,JPN.35_1,Saitama,Kumagaya,Shi,kumagaya,
JPN.35.33_1,JPN.35_1,Saitama,Kurihashi,Machi,kurihashi,
JPN.35.34_1,JPN.35_1,Saitama,Matsubushi,Machi,matsubushi,
JPN.35.35_1,JPN.35_1,Saitama,Minano,Machi,minano,
JPN.35.36_1,JPN.35_1,Saitama,Misato,Machi,misato,
JPN.35.37_1,JPN.35_1,Saitama,MisatoCity,Shi,misatocity,
JPN.35.38_1,JPN.35_1,Saitama,Miyashiro,Machi,miyashiro,
JPN.35.39_1,JPN.35_1,Saitama,Miyoshi,Machi,miyoshi,
JPN.35.40_1,JPN.35_1,Saitama,Moroyama,Machi,moroyama,
JPN.35.41_1,JPN.35_1,Saitama,Nagatoro,Machi,nagatoro,
JPN.35.42_1,JPN.35_1,Saitama,Namegawa,Machi,namegawa,
JPN.35.43_1,JPN.35_1,Saitama,Niiza,Shi,niiza,
JPN.35.44_1,JPN.35_1,Saitama,Ogano,Machi,ogano,
JPN.35.45_1,JPN.35_1,Saitama,Ogawa,Machi,ogawa,
JPN.35.46_1,JPN.35_1,Saitama,Ogose,Machi,ogose,
JPN.35.47_1,JPN.35_1,Saitama,Okegawa,Shi,okegawa,
JPN.35.48_1,JPN.35_1,Saitama,Ōtone,Machi,otone,
JPN.35.49_1,JPN.35_1,Saitama,Ranzan,Machi,ranzan,
JPN.35.50_1,JPN.35_1,Saitama,Saitama,Shi,saitama,
JPN.35.51_1,JPN.35_1,Saitama,Sakado,Shi,sakado,
JPN.35.52_1,JPN.35_1,Saitama,Satte,Shi,satte,
JPN.35.53_1,JPN.35_1,Saitama,Sayama,Shi,sayama,
JPN.35.54_1,JPN.35_1,Saitama,Shiki,Shi,shiki,
JPN.35.55_1,JPN.35_1,Saitama,Shiraoka,Machi,shiraoka,
JPN.35.56_1,JPN.35_1,Saitama,Shōbu,Machi,shobu,
JPN.35.57_1,JPN.35_1,Saitama,Sōka,Shi,soka,
JPN.35.58_1,JPN.35_1,Saitama,Sugito,Machi,sugito,
JPN.35.59_1,JPN.35_1,Saitama,Toda,Shi,toda,
JPN.35.60_1,JPN.35_1,Saitama,Tokigawa,Machi,tokigawa,
JPN.35.61_1,JPN.35_1,Saitama,Tokorozawa,Shi,tokorozawa,
JPN.35.62_1,JPN.35_1,Saitama,Tsurugashima,Shi,tsurugashima,
JPN.35.63_1,JPN.35_1,Saitama,Wakō,Shi,wako,
JPN.35.64_1,JPN.35_1,Saitama,Warabi,Shi,warabi,
JPN.35.65_1,JPN.35_1,Saitama,Washimiya,Machi,washimiya,
JPN.35.66_1,JPN.35_1,Saitama,Yashio,Shi,yashio,
JPN.35.67_1,JPN.35_1,Saitama,Yokoze,Machi,yokoze,
JPN.35.68_1,JPN.35_1,Saitama,Yorii,Machi,yorii,
JPN.35.69_1,JPN.35_1,Saitama,Yoshikawa,Shi,yoshikawa,
JPN.35.70_1,JPN.35_1,Saitama,Yoshimi,Machi,yoshimi,
JPN.36.1_1,JPN.36_1,Shiga,Aishō,Machi,aisho,
JPN.36.2_1,JPN.36_1,Shiga,Azuchi,Machi,azuchi,
JPN.36.3_1,JPN.36_1,Shiga,Higashiōmi,Shi,higashiomi,
JPN.36.4_1,JPN.36_1,Shiga,Hikone,Shi,hikone,
JPN.36.5_1,JPN.36_1,Shiga,Hino,Machi,hino,
JPN.36.6_1,JPN.36_1,Shiga,Kinomoto,Machi,kinomoto,
JPN.36.7_1,JPN.36_1,Shiga,Kohoku,Machi,kohoku,
JPN.36.8_1,JPN.36_1,Shiga,Kōka,Shi,koka,
JPN.36.9_1,JPN.36_1,Shiga,Konan,Shi,konan,
JPN.36.10_1,JPN.36_1,Shiga,Kōra,Machi,kora,
JPN.36.11_1,JPN.36_1,Shiga,Kusatsu,Shi,kusatsu,
JPN.36.12_1,JPN.36_1,Shiga,LakeBiwa,Waterbody,lakebiwa,Y
JPN.36.13_1,JPN.36_1,Shiga,Maibara,Shi,maibara,
JPN.36.14_1,JPN.36_1,Shiga,Moriyama,Shi,moriyama,
JPN.36.15_1,JPN.36_1,Shiga,Nagahama,Shi,nagahama,
JPN.36.16_1,JPN.36_1,Shiga,Nishiazai,Machi,nishiazai,
JPN.36.17_1,JPN.36_1,Shiga,Ōmihachiman,Shi,omihachiman,
JPN.36.18_1,JPN.36_1,Shiga,Ōtsu,Shi,otsu,
JPN.36.19_1,JPN.36_1,Shiga,Rittō,Shi,ritto,
JPN.36.20_1,JPN.36_1,Shiga,Ryūō,Machi,ryuo,
JPN.36.21_1,JPN.36_1,Shiga,Taga,Machi,taga,
JPN.36.22_1,JPN.36_1,Shiga,Takashima,Shi,takashima,
JPN.36.23_1,JPN.36_1,Shiga,Takatsuki,Machi,takatsuki,
JPN.36.24_1,JPN.36_1,Shiga,Torahime,Machi,torahime,
JPN.36.25_1,JPN.36_1,Shiga,Toyosato,Machi,toyosato,
JPN.36.26_1,JPN.36_1,Shiga,Yasu,Shi,yasu,
JPN.36.27_1,JPN.36_1,Shiga,Yogo,Machi,yogo,
JPN.37.1_1,JPN.37_1,Shimane,Ama,Machi,ama,
JPN.37.2_1,JPN.37_1,Shimane,Chibu,Mura,chibu,
JPN.37.3_1,JPN.37_1,Shimane,Gōtsu,Shi,gotsu,
JPN.37.4_1,JPN.37_1,Shimane,Hamada,Shi,hamada,
JPN.37.5_1,JPN.37_1,Shimane,Higashiizumo,Machi,higashiizumo,
JPN.37.6_1,JPN.37_1,Shimane,Hikawa,Machi,hikawa,
JPN.37.7_1,JPN.37_1,Shimane,Iinan,Machi,iinan,
JPN.37.8_1,JPN.37_1,Shimane,Izumo,Shi,izumo,
JPN.37.9_1,JPN.37_1,Shimane,Kawamoto,Machi,kawamoto,
JPN.37.10_1,JPN.37_1,Shimane,Masuda,Shi,masuda,
JPN.37.11_1,JPN.37_1,Shimane,Matsue,Shi,matsue,
JPN.37.12_1,JPN.37_1,Shimane,Misato,Machi,misato,
JPN.37.13_1,JPN.37_1,Shimane,Nishinoshima,Machi,nishinoshima,
JPN.37.14_1,JPN.37_1,Shimane,Ōda,Shi,oda,
JPN.37.15_1,JPN.37_1,Shimane,Okinoshima,Machi,okinoshima,
JPN.37.16_1,JPN.37_1,Shimane,Okuizumo,Machi,okuizumo,
JPN.37.17_1,JPN.37_1,Shimane,Ōnan,Machi,onan,
JPN.37.18_1,JPN.37_1,Shimane,Tsuwano,Machi,tsuwano,
JPN.37.20_1,JPN.37_1,Shimane,Unnan,Shi,unnan,
JPN.37.21_1,JPN.37_1,Shimane,Yasugi,Shi,yasugi,
JPN.37.22_1,JPN.37_1,Shimane,Yoshika,Machi,yoshika,
JPN.38.1_1,JPN.38_1,Shizuoka,Arai,Machi,arai,
JPN.38.2_1,JPN.38_1,Shizuoka,Atami,Shi,atami,
JPN.38.3_1,JPN.38_1,Shizuoka,Fuji,Shi,fuji,
JPN.38.4_1,JPN.38_1,Shizuoka,Fujieda,Shi,fujieda,
JPN.38.5_1,JPN.38_1,Shizuoka,Fujikawa,Machi,fujikawa,
JPN.38.6_1,JPN.38_1,Shizuoka,Fujinomiya,Shi,fujinomiya,
JPN.38.7_1,JPN.38_1,Shizuoka,Fukuroi,Shi,fukuroi,
JPN.38.8_1,JPN.38_1,Shizuoka,Gotemba,Shi,gotemba,
JPN.38.9_1,JPN.38_1,Shizuoka,Hamamatsu,Shi,hamamatsu,
JPN.38.10_1,JPN.38_1,Shizuoka,Higashiizu,Machi,higashiizu,
JPN.38.11_1,JPN.38_1,Shizuoka,Itō,Shi,ito,
JPN.38.12_1,JPN.38_1,Shizuoka,Iwata,Shi,iwata,
JPN.38.13_1,JPN.38_1,Shizuoka,Izu,Shi,izu,
JPN.38.14_1,JPN.38_1,Shizuoka,Izunokuni,Shi,izunokuni,
JPN.38.15_1,JPN.38_1,Shizuoka,Kakegawa,Shi,kakegawa,
JPN.38.16_1,JPN.38_1,Shizuoka,Kannami,Machi,kannami,
JPN.38.17_1,JPN.38_1,Shizuoka,Kawane,Machi,kawane,
JPN.38.18_1,JPN.38_1,Shizuoka,Kawanehon,Machi,kawanehon,
JPN.38.19_1,JPN.38_1,Shizuoka,Kawazu,Machi,kawazu,
JPN.38.20_1,JPN.38_1,Shizuoka,Kikugawa,Shi,kikugawa,
JPN.38.21_1,JPN.38_1,Shizuoka,Kosai,Shi,kosai,
JPN.38.22_1,JPN.38_1,Shizuoka,Makinohara,Shi,makinohara,
JPN.38.23_1,JPN.38_1,Shizuoka,Matsuzaki,Machi,matsuzaki,
JPN.38.24_1,JPN.38_1,Shizuoka,Minamiizu,Machi,minamiizu,
JPN.38.25_1,JPN.38_1,Shizuoka,Mishima,Shi,mishima,
JPN.38.26_1,JPN.38_1,Shizuoka,Mori,Machi,mori,
JPN.38.27_1,JPN.38_1,Shizuoka,Nagaizumi,Machi,nagaizumi,
JPN.38.28_1,JPN.38_1,Shizuoka,Nishiizu,Machi,nishiizu,
JPN.38.29_1,JPN.38_1,Shizuoka,Numazu,Shi,numazu,
JPN.38.30_1,JPN.38_1,Shizuoka,Ōigawa,Machi,oigawa,
JPN.38.31_1,JPN.38_1,Shizuoka,Okabe,Machi,okabe,
JPN.38.32_1,JPN.38_1,Shizuoka,Omaezaki,Shi,omaezaki,
JPN.38.33_1,JPN.38_1,Shizuoka,Oyama,Machi,oyama,
JPN.38.34_1,JPN.38_1,Shizuoka,Shibakawa,Machi,shibakawa,
JPN.38.35_1,JPN.38_1,Shizuoka,Shimada,Shi,shimada,
JPN.38.36_1,JPN.38_1,Shizuoka,Shimizu,Machi,shimizu,
JPN.38.37_1,JPN.38_1,Shizuoka,Shimoda,Shi,shimoda,
JPN.38.38_1,JPN.38_1,Shizuoka,Shizuoka,Shi,shizuoka,
JPN.38.39_1,JPN.38_1,Shizuoka,Susono,Shi,susono,
JPN.38.41_1,JPN.38_1,Shizuoka,Yaizu,Shi,yaizu,
JPN.38.42_1,JPN.38_1,Shizuoka,Yoshida,Machi,yoshida,
JPN.38.43_1,JPN.38_1,Shizuoka,Yui,Machi,yui,
JPN.39.1_1,JPN.39_1,Tochigi,Ashikaga,Shi,ashikaga,
JPN.39.2_1,JPN.39_1,Tochigi,Fujioka,Machi,fujioka,
JPN.39.3_1,JPN.39_1,Tochigi,Haga,Machi,haga,
JPN.39.4_1,JPN.39_1,Tochigi,Ichikai,Machi,ichikai,
JPN.39.5_1,JPN.39_1,Tochigi,Iwafune,Machi,iwafune,
JPN.39.6_1,JPN.39_1,Tochigi,Kaminokawa,Machi,kaminokawa,
JPN.39.7_1,JPN.39_1,Tochigi,Kanuma,Shi,kanuma,
JPN.39.8_1,JPN.39_1,Tochigi,Mashiko,Machi,mashiko,
JPN.39.9_1,JPN.39_1,Tochigi,Mibu,Machi,mibu,
JPN.39.10_1,JPN.39_1,Tochigi,Mōka,Shi,moka,
JPN.39.11_1,JPN.39_1,Tochigi,Motegi,Machi,motegi,
JPN.39.12_1,JPN.39_1,Tochigi,Nakagawa,Machi,nakagawa,
JPN.39.13_1,JPN.39_1,Tochigi,Nasu,Machi,nasu,
JPN.39.14_1,JPN.39_1,Tochigi,Nasukarasuyama,Shi,nasukarasuyama,
JPN.39.15_1,JPN.39_1,Tochigi,Nasushiobara,Shi,nasushiobara,
JPN.39.16_1,JPN.39_1,Tochigi,Nikkō,Shi,nikko,
JPN.39.17_1,JPN.39_1,Tochigi,Ninomiya,Machi,ninomiya,
JPN.39.18_1,JPN.39_1,Tochigi,Nishikata,Machi,nishikata,
JPN.39.19_1,JPN.39_1,Tochigi,Nogi,Machi,nogi,
JPN.39.20_1,JPN.39_1,Tochigi,Ōhira,Machi,ohira,
JPN.39.21_1,JPN.39_1,Tochigi,Otawara,Shi,otawara,
JPN.39.22_1,JPN.39_1,Tochigi,Oyama,Shi,oyama,
JPN.39.23_1,JPN.39_1,Tochigi,Sakura,Shi,sakura,
JPN.39.24_1,JPN.39_1,Tochigi,Sano,Shi,sano,
JPN.39.25_1,JPN.39_1,Tochigi,Shimotsuke,Shi,shimotsuke,
JPN.39.26_1,JPN.39_1,Tochigi,Shioya,Machi,shioya,
JPN.39.27_1,JPN.39_1,Tochigi,Takanezawa,Machi,takanezawa,
JPN.39.28_1,JPN.39_1,Tochigi,Tochigi,Shi,tochigi,
JPN.39.29_1,JPN.39_1,Tochigi,Tsuga,Machi,tsuga,
JPN.39.30_1,JPN.39_1,Tochigi,Utsunomiya,Shi,utsunomiya,
JPN.39.31_1,JPN.39_1,Tochigi,Yaita,Shi,yaita,
JPN.40.1_1,JPN.40_1,Tokushima,Aizumi,Machi,aizumi,
JPN.40.2_1,JPN.40_1,Tokushima,Anan,Shi,anan,
JPN.40.3_1,JPN.40_1,Tokushima,Awa,Shi,awa,
JPN.40.4_1,JPN.40_1,Tokushima,Higashimiyoshi,Machi,higashimiyoshi,
JPN.40.5_1,JPN.40_1,Tokushima,Ishii,Machi,ishii,
JPN.40.6_1,JPN.40_1,Tokushima,Itano,Machi,itano,
JPN.40.7_1,JPN.40_1,Tokushima,Kaiyō,Machi,kaiyo,
JPN.40.8_1,JPN.40_1,Tokushima,Kamiita,Machi,kamiita,
JPN.40.9_1,JPN.40_1,Tokushima,Kamikatsu,Machi,kamikatsu,
JPN.40.10_1,JPN.40_1,Tokushima,Kamiyama,Machi,kamiyama,
JPN.40.11_1,JPN.40_1,Tokushima,Katsuura,Machi,katsuura,
JPN.40.12_1,JPN.40_1,Tokushima,Kitajima,Machi,kitajima,
JPN.40.13_1,JPN.40_1,Tokushima,Komatsushima,Shi,komatsushima,
JPN.40.14_1,JPN.40_1,Tokushima,Matsushige,Machi,matsushige,
JPN.40.15_1,JPN.40_1,Tokushima,Mima,Shi,mima,
JPN.40.16_1,JPN.40_1,Tokushima,Minami,Machi,minami,
JPN.40.17_1,JPN.40_1,Tokushima,Miyoshi,Shi,miyoshi,
JPN.40.18_1,JPN.40_1,Tokushima,Mugi,Machi,mugi,
JPN.40.19_1,JPN.40_1,Tokushima,Naka,Machi,naka,
JPN.40.20_1,JPN.40_1,Tokushima,Naruto,Shi,naruto,
JPN.40.21_1,JPN.40_1,Tokushima,Sanagōchi,Mura,sanagochi,
JPN.40.22_1,JPN.40_1,Tokushima,Tokushima,Shi,tokushima,
JPN.40.23_1,JPN.40_1,Tokushima,Tsurugi,Machi,tsurugi,
JPN.40.24_1,JPN.40_1,Tokushima,Yoshinogawa,Shi,yoshinogawa,
JPN.41.1_1,JPN.41_1,Tokyo,Adachi,SpecialWard,adachi,
JPN.41.2_1,JPN.41_1,Tokyo,Akiruno,Shi,akiruno,
JPN.41.3_1,JPN.41_1,Tokyo,Akishima,Shi,akishima,
JPN.41.4_1,JPN.41_1,Tokyo,Arakawa,SpecialWard,arakawa,
JPN.41.5_1,JPN.41_1,Tokyo,Bunkyō,SpecialWard,bunkyo,
JPN.41.6_1,JPN.41_1,Tokyo,Chiyoda,SpecialWard,chiyoda,
JPN.41.7_1,JPN.41_1,Tokyo,Chōfu,Shi,chofu,
JPN.41.8_1,JPN.41_1,Tokyo,Chūō,SpecialWard,chuo,
JPN.41.9_1,JPN.41_1,Tokyo,Edogawa,SpecialWard,edogawa,
JPN.41.10_1,JPN.41_1,Tokyo,Fuchū,Shi,fuchu,
JPN.41.11_1,JPN.41_1,Tokyo,Fussa,Shi,fussa,
JPN.41.57_1,JPN.41_1,Tokyo,Hachijō,Shichō,hachijo,Y
JPN.41.12_1,JPN.41_1,Tokyo,Hachiōji,Shi,hachioji,
JPN.41.13_1,JPN.41_1,Tokyo,Hamura,Shi,hamura,
JPN.41.14_1,JPN.41_1,Tokyo,Higashikurume,Shi,higashikurume,
JPN.41.15_1,JPN.41_1,Tokyo,Higashimurayama,Shi,higashimurayama,
JPN.41.16_1,JPN.41_1,Tokyo,Higashiyamato,Shi,higashiyamato,
JPN.41.17_1,JPN.41_1,Tokyo,Hino,Shi,hino,
JPN.41.18_1,JPN.41_1,Tokyo,Hinode,Machi,hinode,
JPN.41.19_1,JPN.41_1,Tokyo,Hinohara,Machi,hinohara,
JPN.41.20_1,JPN.41_1,Tokyo,Inagi,Shi,inagi,
JPN.41.21_1,JPN.41_1,Tokyo,Itabashi,SpecialWard,itabashi,
JPN.41.22_1,JPN.41_1,Tokyo,Katsushika,SpecialWard,katsushika,
JPN.41.23_1,JPN.41_1,Tokyo,Kita,SpecialWard,kita,
JPN.41.24_1,JPN.41_1,Tokyo,Kiyose,Shi,kiyose,
JPN.41.25_1,JPN.41_1,Tokyo,Kodaira,Shi,kodaira,
JPN.41.26_1,JPN.41_1,Tokyo,Koganei,Shi,koganei,
JPN.41.27_1,JPN.41_1,Tokyo,Kokubunji,Shi,kokubunji,
JPN.41.28_1,JPN.41_1,Tokyo,Komae,Shi,komae,
JPN.41.29_1,JPN.41_1,Tokyo,Kōtō,SpecialWard,koto,
JPN.41.30_1,JPN.41_1,Tokyo,Kunitachi,Shi,kunitachi,
JPN.41.31_1,JPN.41_1,Tokyo,Machida,Shi,machida,
JPN.41.32_1,JPN.41_1,Tokyo,Meguro,SpecialWard,meguro,
JPN.41.33_1,JPN.41_1,Tokyo,Minato,SpecialWard,minato,
JPN.41.34_1,JPN.41_1,Tokyo,Mitaka,Shi,mitaka,
JPN.41.56_1,JPN.41_1,Tokyo,Miyake,Shichō,miyake,Y
JPN.41.35_1,JPN.41_1,Tokyo,Mizuho,Machi,mizuho,
JPN.41.36_1,JPN.41_1,Tokyo,Musashimurayama,Shi,musashimurayama,
JPN.41.37_1,JPN.41_1,Tokyo,Musashino,Shi,musashino,
JPN.41.38_1,JPN.41_1,Tokyo,Nakano,SpecialWard,nakano,
JPN.41.39_1,JPN.41_1,Tokyo,Nerima,SpecialWard,nerima,
JPN.41.40_1,JPN.41_1,Tokyo,Nishitōkyō,Shi,nishitokyo,
JPN.41.54_1,JPN.41_1,Tokyo,Ogasawara,Shichō,ogasawara,Y
JPN.41.41_1,JPN.41_1,Tokyo,Okutama,Machi,okutama,
JPN.41.42_1,JPN.41_1,Tokyo,Ōme,Shi,ome,
JPN.41.55_1,JPN.41_1,Tokyo,Ōshima,Shichō,oshima,Y
JPN.41.43_1,JPN.41_1,Tokyo,Ōta,SpecialWard,ota,
JPN.41.44_1,JPN.41_1,Tokyo,Setagaya,SpecialWard,setagaya,
JPN.41.45_1,JPN.41_1,Tokyo,Shibuya,SpecialWard,shibuya,
JPN.41.46_1,JPN.41_1,Tokyo,Shinagawa,SpecialWard,shinagawa,
JPN.41.47_1,JPN.41_1,Tokyo,Shinjuku,SpecialWard,shinjuku,
JPN.41.48_1,JPN.41_1,Tokyo,Suginami,SpecialWard,suginami,
JPN.41.49_1,JPN.41_1,Tokyo,Sumida,SpecialWard,sumida,
JPN.41.50_1,JPN.41_1,Tokyo,Tachikawa,Shi,tachikawa,
JPN.41.51_1,JPN.41_1,Tokyo,Taitō,SpecialWard,taito,
JPN.41.52_1,JPN.41_1,Tokyo,Tama,Shi,tama,
JPN.41.53_1,JPN.41_1,Tokyo,Toshima,SpecialWard,toshima,
JPN.42.1_1,JPN.42_1,Tottori,Chizu,Machi,chizu,
JPN.42.2_1,JPN.42_1,Tottori,Daisen,Machi,daisen,
JPN.42.3_1,JPN.42_1,Tottori,Hiezu,Mura,hiezu,
JPN.42.4_1,JPN.42_1,Tottori,Hino,Machi,hino,
JPN.42.5_1,JPN.42_1,Tottori,Hōki,Machi,hoki,
JPN.42.6_1,JPN.42_1,Tottori,Hokuei,Machi,hokuei,
JPN.42.7_1,JPN.42_1,Tottori,Iwami,Machi,iwami,
JPN.42.8_1,JPN.42_1,Tottori,Kōfu,Machi,kofu,
JPN.42.9_1,JPN.42_1,Tottori,Kotoura,Machi,kotoura,
JPN.42.10_1,JPN.42_1,Tottori,Kurayoshi,Shi,kurayoshi,
JPN.42.11_1,JPN.42_1,Tottori,Misasa,Machi,misasa,
JPN.42.12_1,JPN.42_1,Tottori,Nanbu,Machi,nanbu,
JPN.42.13_1,JPN.42_1,Tottori,Nichinan,Machi,nichinan,
JPN.42.14_1,JPN.42_1,Tottori,Tottori,Shi,tottori,
JPN.42.15_1,JPN.42_1,Tottori,Wakasa,Machi,wakasa,
JPN.42.16_1,JPN.42_1,Tottori,Yazu,Machi,yazu,
JPN.42.17_1,JPN.42_1,Tottori,Yonago,Shi,yonago,
JPN.42.18_1,JPN.42_1,Tottori,Yurihama,Machi,yurihama,
JPN.43.1_1,JPN.43_1,Toyama,Asahi,Machi,asahi,
JPN.43.2_1,JPN.43_1,Toyama,Funahashi,Mura,funahashi,
JPN.43.3_1,JPN.43_1,Toyama,Himi,Shi,himi,
JPN.43.4_1,JPN.43_1,Toyama,Imizu,Shi,imizu,
JPN.43.5_1,JPN.43_1,Toyama,Kamiichi,Machi,kamiichi,
JPN.43.6_1,JPN.43_1,Toyama,Kurobe,Shi,kurobe,
JPN.43.7_1,JPN.43_1,Toyama,Namerikawa,Shi,namerikawa,
JPN.43.8_1,JPN.43_1,Toyama,Nanto,Shi,nanto,
JPN.43.9_1,JPN.43_1,Toyama,Nyūzen,Machi,nyuzen,
JPN.43.10_1,JPN.43_1,Toyama,Oyabe,Shi,oyabe,
JPN.43.11_1,JPN.43_1,Toyama,Takaoka,Shi,takaoka,
JPN.43.12_1,JPN.43_1,Toyama,Tateyama,Machi,tateyama,
JPN.43.13_1,JPN.43_1,Toyama,Tonami,Shi,tonami,
JPN.43.14_1,JPN.43_1,Toyama,Toyama,Shi,toyama,
JPN.43.15_1,JPN.43_1,Toyama,Uozu,Shi,uozu,
JPN.44.1_1,JPN.44_1,Wakayama,Arida,Shi,arida,
JPN.44.2_1,JPN.44_1,Wakayama,Aridagawa,Machi,aridagawa,
JPN.44.3_1,JPN.44_1,Wakayama,Gobō,Shi,gobo,
JPN.44.4_1,JPN.44_1,Wakayama,Hashimoto,Shi,hashimoto,
JPN.44.5_1,JPN.44_1,Wakayama,Hidaka,Machi,hidaka,
JPN.44.6_1,JPN.44_1,Wakayama,Hidakagawa,Machi,hidakagawa,
JPN.44.7_1,JPN.44_1,Wakayama,Hirogawa,Machi,hirogawa,
JPN.44.8_1,JPN.44_1,Wakayama,InamiTown,Machi,inamitown,
JPN.44.9_1,JPN.44_1,Wakayama,Iwade,Shi,iwade,
JPN.44.10_1,JPN.44_1,Wakayama,Kainan,Shi,kainan,
JPN.44.11_1,JPN.44_1,Wakayama,Kamitonda,Machi,kamitonda,
JPN.44.12_1,JPN.44_1,Wakayama,Katsuragi,Machi,katsuragi,
JPN.44.13_1,JPN.44_1,Wakayama,Kimino,Machi,kimino,
JPN.44.14_1,JPN.44_1,Wakayama,Kinokawa,Shi,kinokawa,
JPN.44.15_1,JPN.44_1,Wakayama,Kōya,Machi,koya,
JPN.44.16_1,JPN.44_1,Wakayama,Kozagawa,Machi,kozagawa,
JPN.44.17_1,JPN.44_1,Wakayama,Kudoyama,Machi,kudoyama,
JPN.44.18_1,JPN.44_1,Wakayama,Kushimoto,Machi,kushimoto,
JPN.44.19_1,JPN.44_1,Wakayama,Kyōtanabe,Shi,kyotanabe,
JPN.44.20_1,JPN.44_1,Wakayama,Mihama,Machi,mihama,
JPN.44.21_1,JPN.44_1,Wakayama,Minabe,Machi,minabe,
JPN.44.22_1,JPN.44_1,Wakayama,Nachikatsuura,Machi,nachikatsuura,
JPN.44.23_1,JPN.44_1,Wakayama,Shingū,Shi,shingu,
JPN.44.24_1,JPN.44_1,Wakayama,Shirahama,Machi,shirahama,
JPN.44.25_1,JPN.44_1,Wakayama,Susami,Machi,susami,
JPN.44.26_1,JPN.44_1,Wakayama,Taiji,Machi,taiji,
JPN.44.27_1,JPN.44_1,Wakayama,Wakayama,Shi,wakayama,
JPN.44.28_1,JPN.44_1,Wakayama,Yuasa,Machi,yuasa,
JPN.44.29_1,JPN.44_1,Wakayama,Yura,Machi,yura,
JPN.45.1_1,JPN.45_1,Yamagata,Asahi,Machi,asahi,
JPN.45.2_1,JPN.45_1,Yamagata,Funagata,Machi,funagata,
JPN.45.3_1,JPN.45_1,Yamagata,Higashine,Shi,higashine,
JPN.45.4_1,JPN.45_1,Yamagata,Iide,Machi,iide,
JPN.45.5_1,JPN.45_1,Yamagata,Kahoku,Machi,kahoku,
JPN.45.6_1,JPN.45_1,Yamagata,Kaminoyama,Shi,kaminoyama,
JPN.45.7_1,JPN.45_1,Yamagata,Kaneyama,Machi,kaneyama,
JPN.45.8_1,JPN.45_1,Yamagata,Kawanishi,Machi,kawanishi,
JPN.45.9_1,JPN.45_1,Yamagata,Mamurogawa,Machi,mamurogawa,
JPN.45.10_1,JPN.45_1,Yamagata,Mikawa,Machi,mikawa,
JPN.45.11_1,JPN.45_1,Yamagata,Mogami,Machi,mogami,
JPN.45.12_1,JPN.45_1,Yamagata,Murayama,Shi,murayama,
JPN.45.13_1,JPN.45_1,Yamagata,Nagai,Shi,nagai,
JPN.45.14_1,JPN.45_1,Yamagata,Nakayama,Machi,nakayama,
JPN.45.15_1,JPN.45_1,Yamagata,Nan'yo,Shi,nanyo,
JPN.45.16_1,JPN.45_1,Yamagata,Nishikawa,Machi,nishikawa,
JPN.45.17_1,JPN.45_1,Yamagata,Obanazawa,Shi,obanazawa,
JPN.45.18_1,JPN.45_1,Yamagata,Ōe,Machi,oe,
JPN.45.19_1,JPN.45_1,Yamagata,Oguni,Machi,oguni,
JPN.45.20_1,JPN.45_1,Yamagata,Ōishida,Machi,oishida,
JPN.45.21_1,JPN.45_1,Yamagata,Ōkura,Machi,okura,
JPN.45.22_1,JPN.45_1,Yamagata,Sagae,Shi,sagae,
JPN.45.23_1,JPN.45_1,Yamagata,Sakata,Shi,sakata,
JPN.45.24_1,JPN.45_1,Yamagata,Sakegawa,Machi,sakegawa,
JPN.45.25_1,JPN.45_1,Yamagata,Shinjo,Shi,shinjo,
JPN.45.26_1,JPN.45_1,Yamagata,Shirataka,Machi,shirataka,
JPN.45.27_1,JPN.45_1,Yamagata,Shōnai,Machi,shonai,
JPN.45.28_1,JPN.45_1,Yamagata,Takahata,Machi,takahata,
JPN.45.29_1,JPN.45_1,Yamagata,Tendo,Shi,tendo,
JPN.45.30_1,JPN.45_1,Yamagata,Tozawa,Machi,tozawa,
JPN.45.31_1,JPN.45_1,Yamagata,Tsuruoka,Shi,tsuruoka,
JPN.45.32_1,JPN.45_1,Yamagata,Yamagata,Shi,yamagata,
JPN.45.33_1,JPN.45_1,Yamagata,Yamanobe,Machi,yamanobe,
JPN.45.34_1,JPN.45_1,Yamagata,Yonezawa,Shi,yonezawa,
JPN.45.35_1,JPN.45_1,Yamagata,Yuza,Machi,yuza,
JPN.46.1_1,JPN.46_1,Yamaguchi,Abu,Machi,abu,
JPN.46.2_1,JPN.46_1,Yamaguchi,Atō,Machi,ato,
JPN.46.3_1,JPN.46_1,Yamaguchi,Hagi,Shi,hagi,
JPN.46.4_1,JPN.46_1,Yamaguchi,Hikari,Shi,hikari,
JPN.46.5_1,JPN.46_1,Yamaguchi,Hirao,Machi,hirao,
JPN.46.6_1,JPN.46_1,Yamaguchi,Hōfu,Shi,hofu,
JPN.46.7_1,JPN.46_1,Yamaguchi,Iwakuni,Shi,iwakuni,
JPN.46.8_1,JPN.46_1,Yamaguchi,Kaminoseki,Machi,kaminoseki,
JPN.46.9_1,JPN.46_1,Yamaguchi,Kudamatsu,Shi,kudamatsu,
JPN.46.10_1,JPN.46_1,Yamaguchi,Mine,Shi,mine,
JPN.46.11_1,JPN.46_1,Yamaguchi,Nagato,Shi,nagato,
JPN.46.12_1,JPN.46_1,Yamaguchi,San'yō-Onoda,Shi,sanyoonoda,
JPN.46.13_1,JPN.46_1,Yamaguchi,Shimonoseki,Shi,shimonoseki,
JPN.46.14_1,JPN.46_1,Yamaguchi,Shūnan,Shi,shunan,
JPN.46.15_1,JPN.46_1,Yamaguchi,Suō-Ōshima,Machi,suooshima,
JPN.46.16_1,JPN.46_1,Yamaguchi,Tabuse,Machi,tabuse,
JPN.46.17_1,JPN.46_1,Yamaguchi,Ube,Shi,ube,
JPN.46.18_1,JPN.46_1,Yamaguchi,Waki,Machi,waki,
JPN.46.19_1,JPN.46_1,Yamaguchi,Yamaguchi,Shi,yamaguchi,
JPN.46.20_1,JPN.46_1,Yamaguchi,Yanai,Machi,yanai,
JPN.47.1_1,JPN.47_1,Yamanashi,Chūō,Shi,chuo,
JPN.47.2_1,JPN.47_1,Yamanashi,Dōshi,Mura,doshi,
JPN.47.3_1,JPN.47_1,Yamanashi,Fuefuki,Shi,fuefuki,
JPN.47.4_1,JPN.47_1,Yamanashi,Fujikawaguchiko,Machi,fujikawaguchiko,
JPN.47.5_1,JPN.47_1,Yamanashi,Fujiyoshida,Shi,fujiyoshida,
JPN.47.6_1,JPN.47_1,Yamanashi,Hayakawa,Machi,hayakawa,
JPN.47.7_1,JPN.47_1,Yamanashi,Hokuto,Shi,hokuto,
JPN.47.8_1,JPN.47_1,Yamanashi,Ichikawamisato,Machi,ichikawamisato,
JPN.47.9_1,JPN.47_1,Yamanashi,Kai,Shi,kai,
JPN.47.10_1,JPN.47_1,Yamanashi,Kajikazawa,Machi,kajikazawa,
JPN.47.11_1,JPN.47_1,Yamanashi,Kōfu,Shi,kofu,
JPN.47.12_1,JPN.47_1,Yamanashi,Kōshū,Shi,koshu,
JPN.47.13_1,JPN.47_1,Yamanashi,Kosuge,Mura,kosuge,
JPN.47.14_1,JPN.47_1,Yamanashi,Masuho,Machi,masuho,
JPN.47.15_1,JPN.47_1,Yamanashi,Minami-Alps,Shi,minamialps,
JPN.47.16_1,JPN.47_1,Yamanashi,Minobu,Machi,minobu,
JPN.47.17_1,JPN.47_1,Yamanashi,Nanbu,Machi,nanbu,
JPN.47.18_1,JPN.47_1,Yamanashi,Narusawa,Mura,narusawa,
JPN.47.19_1,JPN.47_1,Yamanashi,Nirasaki,Shi,nirasaki,
JPN.47.20_1,JPN.47_1,Yamanashi,Nishikatsura,Machi,nishikatsura,
JPN.47.21_1,JPN.47_1,Yamanashi,Oshino,Mura,oshino,
JPN.47.22_1,JPN.47_1,Yamanashi,Ōtsuki,Shi,otsuki,
JPN.47.23_1,JPN.47_1,Yamanashi,Shōwa,Machi,showa,
JPN.47.24_1,JPN.47_1,Yamanashi,Tabayama,Mura,tabayama,
JPN.47.25_1,JPN.47_1,Yamanashi,Tsuru,Shi,tsuru,
JPN.47.26_1,JPN.47_1,Yamanashi,Uenohara,Shi,uenohara,
JPN.47.27_1,JPN.47_1,Yamanashi,Yamanakako,Mura,yamanakako,
JPN.47.28_1,JPN.47_1,Yamanashi,Yamanashi,Shi,yamanashi,
