metro_id,metro_name,member_name,member_jis,gadm_name,gid_2,type_2,match_method
JPM01,Tokyo (Kanto MMA),Ibaraki-ken Koga-shi,08204,Koga,JPN.14.22_1,Shi,name_exact
JPM01,Tokyo (Kanto MMA),Ibaraki-ken Ryugasaki-shi,08208,Ryūgasaki,JPN.14.30_1,Shi,name_exact
JPM01,Tokyo (Kanto MMA),Ibaraki-ken Joso-shi,08211,Jōsō,JPN.14.15_1,Shi,name_exact
JPM01,Tokyo (Kanto MMA),Ibaraki-ken Toride-shi,08217,Toride,JPN.14.38_1,Shi,name_exact
JPM01,Tokyo (Kanto MMA),Ibaraki-ken Ushiku-shi,08219,Ushiku,JPN.14.42_1,Shi,name_exact
JPM01,Tokyo (Kanto MMA),Ibaraki-ken Tsukuba-shi,08220,Tsukuba,JPN.14.40_1,Shi,name_exact
JPM01,Tokyo (Kanto MMA),Ibaraki-ken Moriya-shi,08224,Moriya,JPN.14.25_1,Shi,name_exact
JPM01,Tokyo (Kanto MMA),Ibaraki-ken Kasumigaura-shi,08230,Kasumigaura,JPN.14.19_1,Shi,name_exact
JPM01,Tokyo (Kanto MMA),Ibaraki-ken Tsukubamirai-shi,08235,Tsukubamirai,JPN.14.41_1,Shi,name_exact
JPM01,Tokyo (Kanto MMA),Ibaraki-ken Miho-mura,08442,Miho,JPN.14.23_1,Mura,name_exact
JPM01,Tokyo (Kanto MMA),Ibaraki-ken Ami-machi,08443,Ami,JPN.14.1_1,Machi,name_exact
JPM01,Tokyo (Kanto MMA),Ibaraki-ken Kawachi-machi,08447,Kawachi,JPN.14.20_1,Machi,name_exact
JPM01,Tokyo (Kanto MMA),Ibaraki-ken Goka-machi,08542,Goka,JPN.14.5_1,Machi,name_exact
JPM01,Tokyo (Kanto MMA),Ibaraki-ken Sakai-machi,08546,Sakai,JPN.14.31_1,Machi,name_exact
JPM01,Tokyo (Kanto MMA),Ibaraki-ken Tone-machi,08564,Tone,JPN.14.37_1,Machi,name_exact
JPM01,Tokyo (Kanto MMA),Tochigi-ken Oyama-shi,09208,Oyama,JPN.39.22_1,Shi,name_exact
JPM01,Tokyo (Kanto MMA),Tochigi-ken Shimotsuke-shi,09216,Shimotsuke,JPN.39.25_1,Shi,name_exact
JPM01,Tokyo (Kanto MMA),Tochigi-ken Nogi-machi,09364,Nogi,JPN.39.19_1,Machi,name_exact
JPM01,Tokyo (Kanto MMA),Gumma-ken Tatebayashi-shi,10207,Tatebayashi,JPN.10.33_1,Shi,name_exact
JPM01,Tokyo (Kanto MMA),Gumma-ken Itakura-machi,10521,Itakura,JPN.10.7_1,Machi,name_exact
JPM01,Tokyo (Kanto MMA),Gumma-ken Meiwa-machi,10522,Meiwa,JPN.10.16_1,Machi,name_exact
JPM01,Tokyo (Kanto MMA),Saitama-ken Saitama-shi,11100,Saitama,JPN.35.50_1,Shi,name_exact
JPM01,Tokyo (Kanto MMA),Saitama-ken Kawagoe-shi,11201,Kawagoe,JPN.35.22_1,Shi,name_exact
JPM01,Tokyo (Kanto MMA),Saitama-ken Kumagaya-shi,11202,Kumagaya,JPN.35.32_1,Shi,name_exact
JPM01,Tokyo (Kanto MMA),Saitama-ken Kawaguchi-shi,11203,Kawaguchi,JPN.35.23_1,Shi,name_exact
JPM01,Tokyo (Kanto MMA),Saitama-ken Gyoda-shi,11206,Gyōda,JPN.35.7_1,Shi,name_exact
JPM01,Tokyo (Kanto MMA),Saitama-ken Tokorozawa-shi,11208,Tokorozawa,JPN.35.61_1,Shi,name_exact
JPM01,Tokyo (Kanto MMA),Saitama-ken Hanno-shi,11209,Hannō,JPN.35.8_1,Shi,name_exact
JPM01,Tokyo (Kanto MMA),Saitama-ken Kazo-shi,11210,Kazo,JPN.35.25_1,Shi,name_exact
JPM01,Tokyo (Kanto MMA),Saitama-ken Honjo-shi,11211,Honjō,JPN.35.16_1,Shi,name_exact
JPM01,Tokyo (Kanto MMA),Saitama-ken Higashimatsuyama-shi,11212,Higashimatsuyama,JPN.35.15_1,Shi,name_exact
JPM01,Tokyo (Kanto MMA),Saitama-ken Kasukabe-shi,11214,Kasukabe,JPN.35.21_1,Shi,name_exact
JPM01,Tokyo (Kanto MMA),Saitama-ken Sayama-shi,11215,Sayama,JPN.35.53_1,Shi,name_exact
JPM01,Tokyo (Kanto MMA),Saitama-ken Hanyu-shi,11216,Hanyū,JPN.35.9_1,Shi,name_exact
JPM01,Tokyo (Kanto MMA),Saitama-ken Konosu-shi,11217,Kōnosu,JPN.35.29_1,Shi,name_exact
JPM01,Tokyo (Kanto MMA),Saitama-ken Fukaya-shi,11218,Fukaya,JPN.35.6_1,Shi,name_exact
JPM01,Tokyo (Kanto MMA),Saitama-ken Ageo-shi,11219,Ageo,JPN.35.1_1,Shi,name_exact
JPM01,Tokyo (Kanto MMA),Saitama-ken Soka-shi,11221,Sōka,JPN.35.57_1,Shi,name_exact
JPM01,Tokyo (Kanto MMA),Saitama-ken Koshigaya-shi,11222,Koshigaya,JPN.35.30_1,Shi,name_exact
JPM01,Tokyo (Kanto MMA),Saitama-ken Warabi-shi,11223,Warabi,JPN.35.64_1,Shi,name_exact
JPM01,Tokyo (Kanto MMA),Saitama-ken Toda-shi,11224,Toda,JPN.35.59_1,Shi,name_exact
JPM01,Tokyo (Kanto MMA),Saitama-ken Iruma-shi,11225,Iruma,JPN.35.18_1,Shi,name_exact
JPM01,Tokyo (Kanto MMA),Saitama-ken Asaka-shi,11227,Asaka,JPN.35.2_1,Shi,name_exact
JPM01,Tokyo (Kanto MMA),Saitama-ken Shiki-shi,11228,Shiki,JPN.35.54_1,Shi,name_exact
JPM01,Tokyo (Kanto MMA),Saitama-ken Wako-shi,11229,Wakō,JPN.35.63_1,Shi,name_exact
JPM01,Tokyo (Kanto MMA),Saitama-ken Niiza-shi,11230,Niiza,JPN.35.43_1,Shi,name_exact
JPM01,Tokyo (Kanto MMA),Saitama-ken Okegawa-shi,11231,Okegawa,JPN.35.47_1,Shi,name_exact
JPM01,Tokyo (Kanto MMA),Saitama-ken Kuki-shi,11232,Kuki,JPN.35.31_1,Shi,name_exact
JPM01,Tokyo (Kanto MMA),Saitama-ken Kitamoto-shi,11233,Kitamoto,JPN.35.28_1,Shi,name_exact
JPM01,Tokyo (Kanto MMA),Saitama-ken Yashio-shi,11234,Yashio,JPN.35.66_1,Shi,name_exact
JPM01,Tokyo (Kanto MMA),Saitama-ken Fujimi-shi,11235,Fujimi,JPN.35.4_1,Shi,name_exact
JPM01,Tokyo (Kanto MMA),Saitama-ken Misato-shi,11237,MisatoCity,JPN.35.37_1,Shi,type_aware
JPM01,Tokyo (Kanto MMA),Saitama-ken Hasuda-shi,11238,Hasuda,JPN.35.10_1,Shi,name_exact
JPM01,Tokyo (Kanto MMA),Saitama-ken Sakado-shi,11239,Sakado,JPN.35.51_1,Shi,name_exact
JPM01,Tokyo (Kanto MMA),Saitama-ken Satte-shi,11240,Satte,JPN.35.52_1,Shi,name_exact
JPM01,Tokyo (Kanto MMA),Saitama-ken Tsurugashima-shi,11241,Tsurugashima,JPN.35.62_1,Shi,name_exact
JPM01,Tokyo (Kanto MMA),Saitama-ken Hidaka-shi,11242,Hidaka,JPN.35.13_1,Shi,name_exact
JPM01,Tokyo (Kanto MMA),Saitama-ken Yoshikawa-shi,11243,Yoshikawa,JPN.35.69_1,Shi,name_exact
JPM01,Tokyo (Kanto MMA),Saitama-ken Fujimino-shi,11245,Fujimino,JPN.35.5_1,Shi,name_exact
JPM01,Tokyo (Kanto MMA),Saitama-ken Shiraoka-shi,11246,Shiraoka,JPN.35.55_1,Machi,name_exact
JPM01,Tokyo (Kanto MMA),Saitama-ken Ina-machi,11301,Ina,JPN.35.17_1,Machi,name_exact
JPM01,Tokyo (Kanto MMA),Saitama-ken Miyoshi-machi,11324,Miyoshi,JPN.35.39_1,Machi,name_exact
JPM01,Tokyo (Kanto MMA),Saitama-ken Moroyama-machi,11326,Moroyama,JPN.35.40_1,Machi,name_exact
JPM01,Tokyo (Kanto MMA),Saitama-ken Ogose-machi,11327,Ogose,JPN.35.46_1,Machi,name_exact
JPM01,Tokyo (Kanto MMA),Saitama-ken Namegawa-machi,11341,Namegawa,JPN.35.42_1,Machi,name_exact
JPM01,Tokyo (Kanto MMA),Saitama-ken Ranzan-machi,11342,Ranzan,JPN.35.49_1,Machi,name_exact
JPM01,Tokyo (Kanto MMA),Saitama-ken Ogawa-machi,11343,Ogawa,JPN.35.45_1,Machi,name_exact
JPM01,Tokyo (Kanto MMA),Saitama-ken Kawajima-machi,11346,Kawajima,JPN.35.24_1,Machi,name_exact
JPM01,Tokyo (Kanto MMA),Saitama-ken Yoshimi-machi,11347,Yoshimi,JPN.35.70_1,Machi,name_exact
JPM01,Tokyo (Kanto MMA),Saitama-ken Hatoyama-machi,11348,Hatoyama,JPN.35.12_1,Machi,name_exact
JPM01,Tokyo (Kanto MMA),Saitama-ken Tokigawa-machi,11349,Tokigawa,JPN.35.60_1,Machi,name_exact
JPM01,Tokyo (Kanto MMA),Saitama-ken Yokoze-machi,11361,Yokoze,JPN.35.67_1,Machi,name_exact
JPM01,Tokyo (Kanto MMA),Saitama-ken Higashichichibu-mura,11369,Higashichichibu,JPN.35.14_1,Machi,name_exact
JPM01,Tokyo (Kanto MMA),Saitama-ken Misato-machi,11381,Misato,JPN.35.36_1,Machi,type_aware
JPM01,Tokyo (Kanto MMA),Saitama-ken Kamisato-machi,11385,Kamisato,JPN.35.20_1,Machi,name_exact
JPM01,Tokyo (Kanto MMA),Saitama-ken Yorii-machi,11408,Yorii,JPN.35.68_1,Machi,name_exact
JPM01,Tokyo (Kanto MMA),Saitama-ken Miyashiro-machi,11442,Miyashiro,JPN.35.38_1,Machi,name_exact
JPM01,Tokyo (Kanto MMA),Saitama-ken Sugito-machi,11464,Sugito,JPN.35.58_1,Machi,name_exact
JPM01,Tokyo (Kanto MMA),Saitama-ken Matsubushi-machi,11465,Matsubushi,JPN.35.34_1,Machi,name_exact
JPM01,Tokyo (Kanto MMA),Chiba-ken Chiba-shi,12100,Chiba,JPN.4.3_1,Shi,name_exact
JPM01,Tokyo (Kanto MMA),Chiba-ken Ichikawa-shi,12203,Ichikawa,JPN.4.10_1,Shi,name_exact
JPM01,Tokyo (Kanto MMA),Chiba-ken Funabashi-shi,12204,Funabashi,JPN.4.7_1,Shi,name_exact
JPM01,Tokyo (Kanto MMA),Chiba-ken Kisarazu-shi,12206,Kisarazu,JPN.4.21_1,Shi,name_exact
JPM01,Tokyo (Kanto MMA),Chiba-ken Matsudo-shi,12207,Matsudo,JPN.4.25_1,Shi,name_exact
JPM01,Tokyo (Kanto MMA),Chiba-ken Noda-shi,12208,Noda,JPN.4.34_1,Shi,name_exact
JPM01,Tokyo (Kanto MMA),Chiba-ken Mobara-shi,12210,Mobara,JPN.4.27_1,Shi,name_exact
JPM01,Tokyo (Kanto MMA),Chiba-ken Narita-shi,12211,Narita,JPN.4.33_1,Shi,name_exact
JPM01,Tokyo (Kanto MMA),Chiba-ken Sakura-shi,12212,Sakura,JPN.4.39_1,Shi,name_exact
JPM01,Tokyo (Kanto MMA),Chiba-ken Togane-shi,12213,Tōgane,JPN.4.49_1,Shi,name_exact
JPM01,Tokyo (Kanto MMA),Chiba-ken Narashino-shi,12216,Narashino,JPN.4.32_1,Shi,name_exact
JPM01,Tokyo (Kanto MMA),Chiba-ken Kashiwa-shi,12217,Kashiwa,JPN.4.17_1,Shi,name_exact
JPM01,Tokyo (Kanto MMA),Chiba-ken Katsuura-shi,12218,Katsuura,JPN.4.19_1,Shi,name_exact
JPM01,Tokyo (Kanto MMA),Chiba-ken Ichihara-shi,12219,Ichihara,JPN.4.9_1,Shi,name_exact
JPM01,Tokyo (Kanto MMA),Chiba-ken Nagareyama-shi,12220,Nagareyama,JPN.4.31_1,Shi,name_exact
JPM01,Tokyo (Kanto MMA),Chiba-ken Yachiyo-shi,12221,Yachiyo,JPN.4.54_1,Shi,name_exact
JPM01,Tokyo (Kanto MMA),Chiba-ken Abiko-shi,12222,Abiko,JPN.4.1_1,Shi,name_exact
JPM01,Tokyo (Kanto MMA),Chiba-ken Kamagaya-shi,12224,Kamagaya,JPN.4.15_1,Shi,name_exact
JPM01,Tokyo (Kanto MMA),Chiba-ken Kimitsu-shi,12225,Kimitsu,JPN.4.20_1,Shi,name_exact
JPM01,Tokyo (Kanto MMA),Chiba-ken Futtsu-shi,12226,Futtsu,JPN.4.8_1,Shi,name_exact
JPM01,Tokyo (Kanto MMA),Chiba-ken Urayasu-shi,12227,Urayasu,JPN.4.52_1,Shi,name_exact
JPM01,Tokyo (Kanto MMA),Chiba-ken Yotsukaido-shi,12228,Yotsukaido,JPN.4.56_1,Shi,name_exact
JPM01,Tokyo (Kanto MMA),Chiba-ken Sodegaura-shi,12229,Sodegaura,JPN.4.45_1,Shi,name_exact
JPM01,Tokyo (Kanto MMA),Chiba-ken Yachimata-shi,12230,Yachimata,JPN.4.53_1,Shi,name_exact
JPM01,Tokyo (Kanto MMA),Chiba-ken Inzai-shi,12231,Inzai,JPN.4.13_1,Shi,name_exact
JPM01,Tokyo (Kanto MMA),Chiba-ken Shiroi-shi,12232,Shiroi,JPN.4.43_1,Shi,name_exact
JPM01,Tokyo (Kanto MMA),Chiba-ken Tomisato-shi,12233,Tomisato,JPN.4.50_1,Shi,name_exact
JPM01,Tokyo (Kanto MMA),Chiba-ken Sosa-shi,12235,Sōsa,JPN.4.46_1,Shi,name_exact
JPM01,Tokyo (Kanto MMA),Chiba-ken Katori-shi,12236,Katori,JPN.4.18_1,Shi,name_exact
JPM01,Tokyo (Kanto MMA),Chiba-ken Sammu-shi,12237,Sanmu,JPN.4.40_1,Shi,name_fuzzy
JPM01,Tokyo (Kanto MMA),Chiba-ken Isumi-shi,12238,Isumi,JPN.4.14_1,Shi,name_exact
JPM01,Tokyo (Kanto MMA),Chiba-ken Oamishirasato-shi,12239,Ōamishirasato,JPN.4.35_1,Machi,name_exact
JPM01,Tokyo (Kanto MMA),Chiba-ken Shisui-machi,12322,Shisui,JPN.4.44_1,Machi,name_exact
JPM01,Tokyo (Kanto MMA),Chiba-ken Sakae-machi,12329,Sakae,JPN.4.38_1,Machi,name_exact
JPM01,Tokyo (Kanto MMA),Chiba-ken Kozaki-machi,12342,Kōzaki,JPN.4.22_1,Machi,name_exact
JPM01,Tokyo (Kanto MMA),Chiba-ken Tako-machi,12347,Tako,JPN.4.47_1,Machi,name_exact
JPM01,Tokyo (Kanto MMA),Chiba-ken Kujukuri-machi,12403,Kujūkuri,JPN.4.23_1,Machi,name_exact
JPM01,Tokyo (Kanto MMA),Chiba-ken Shibayama-machi,12409,Shibayama,JPN.4.41_1,Machi,name_exact
JPM01,Tokyo (Kanto MMA),Chiba-ken Yokoshibahikari-machi,12410,Yokoshibahikari,JPN.4.55_1,Machi,name_exact
JPM01,Tokyo (Kanto MMA),Chiba-ken Ichinomiya-machi,12421,Ichinomiya,JPN.4.11_1,Machi,name_exact
JPM01,Tokyo (Kanto MMA),Chiba-ken Mutsuzawa-machi,12422,Mutsuzawa,JPN.4.29_1,Machi,name_exact
JPM01,Tokyo (Kanto MMA),Chiba-ken Chosei-mura,12423,Chōsei,JPN.4.5_1,Machi,name_exact
JPM01,Tokyo (Kanto MMA),Chiba-ken Shirako-machi,12424,Shirako,JPN.4.42_1,Machi,name_exact
JPM01,Tokyo (Kanto MMA),Chiba-ken Nagara-machi,12426,Nagara,JPN.4.30_1,Machi,name_exact
JPM01,Tokyo (Kanto MMA),Chiba-ken Chonan-machi,12427,Chōnan,JPN.4.4_1,Machi,name_exact
JPM01,Tokyo (Kanto MMA),Chiba-ken Otaki-machi,12441,Ōtaki,JPN.4.37_1,Machi,name_exact
JPM01,Tokyo (Kanto MMA),Chiba-ken Onjuku-machi,12443,Onjuku,JPN.4.36_1,Machi,name_exact
JPM01,Tokyo (Kanto MMA),Chiba-ken Kyonan-machi,12463,Kyonan,JPN.4.24_1,Machi,name_exact
JPM01,Tokyo (Kanto MMA),Tokyo-to Chiyoda-ku,13101,Chiyoda,JPN.41.6_1,SpecialWard,name_exact
JPM01,Tokyo (Kanto MMA),Tokyo-to Chuo-ku,13102,Chūō,JPN.41.8_1,SpecialWard,name_exact
JPM01,Tokyo (Kanto MMA),Tokyo-to Minato-ku,13103,Minato,JPN.41.33_1,SpecialWard,name_exact
JPM01,Tokyo (Kanto MMA),Tokyo-to Shinjuku-ku,13104,Shinjuku,JPN.41.47_1,SpecialWard,name_exact
JPM01,Tokyo (Kanto MMA),Tokyo-to Bunkyo-ku,13105,Bunkyō,JPN.41.5_1,SpecialWard,name_exact
JPM01,Tokyo (Kanto MMA),Tokyo-to Taito-ku,13106,Taitō,JPN.41.51_1,SpecialWard,name_exact
JPM01,Tokyo (Kanto MMA),Tokyo-to Sumida-ku,13107,Sumida,JPN.41.49_1,SpecialWard,name_exact
JPM01,Tokyo (Kanto MMA),Tokyo-to Koto-ku,13108,Kōtō,JPN.41.29_1,SpecialWard,name_exact
JPM01,Tokyo (Kanto MMA),Tokyo-to Shinagawa-ku,13109,Shinagawa,JPN.41.46_1,SpecialWard,name_exact
JPM01,Tokyo (Kanto MMA),Tokyo-to Meguro-ku,13110,Meguro,JPN.41.32_1,SpecialWard,name_exact
JPM01,Tokyo (Kanto MMA),Tokyo-to Ota-ku,13111,Ōta,JPN.41.43_1,SpecialWard,name_exact
JPM01,Tokyo (Kanto MMA),Tokyo-to Setagaya-ku,13112,Setagaya,JPN.41.44_1,SpecialWard,name_exact
JPM01,Tokyo (Kanto MMA),Tokyo-to Shibuya-ku,13113,Shibuya,JPN.41.45_1,SpecialWard,name_exact
JPM01,Tokyo (Kanto MMA),Tokyo-to Nakano-ku,13114,Nakano,JPN.41.38_1,SpecialWard,name_exact
JPM01,Tokyo (Kanto MMA),Tokyo-to Suginami-ku,13115,Suginami,JPN.41.48_1,SpecialWard,name_exact
JPM01,Tokyo (Kanto MMA),Tokyo-to Toshima-ku,13116,Toshima,JPN.41.53_1,SpecialWard,name_exact
JPM01,Tokyo (Kanto MMA),Tokyo-to Kita-ku,13117,Kita,JPN.41.23_1,SpecialWard,name_exact
JPM01,Tokyo (Kanto MMA),Tokyo-to Arakawa-ku,13118,Arakawa,JPN.41.4_1,SpecialWard,name_exact
JPM01,Tokyo (Kanto MMA),Tokyo-to Itabashi-ku,13119,Itabashi,JPN.41.21_1,SpecialWard,name_exact
JPM01,Tokyo (Kanto MMA),Tokyo-to Nerima-ku,13120,Nerima,JPN.41.39_1,SpecialWard,name_exact
JPM01,Tokyo (Kanto MMA),Tokyo-to Adachi-ku,13121,Adachi,JPN.41.1_1,SpecialWard,name_exact
JPM01,Tokyo (Kanto MMA),Tokyo-to Katsushika-ku,13122,Katsushika,JPN.41.22_1,SpecialWard,name_exact
JPM01,Tokyo (Kanto MMA),Tokyo-to Edogawa-ku,13123,Edogawa,JPN.41.9_1,SpecialWard,name_exact
JPM01,Tokyo (Kanto MMA),Tokyo-to Hachioji-shi,13201,Hachiōji,JPN.41.12_1,Shi,name_exact
JPM01,Tokyo (Kanto MMA),Tokyo-to Tachikawa-shi,13202,Tachikawa,JPN.41.50_1,Shi,name_exact
JPM01,Tokyo (Kanto MMA),Tokyo-to Musashino-shi,13203,Musashino,JPN.41.37_1,Shi,name_exact
JPM01,Tokyo (Kanto MMA),Tokyo-to Mitaka-shi,13204,Mitaka,JPN.41.34_1,Shi,name_exact
JPM01,Tokyo (Kanto MMA),Tokyo-to Ome-shi,13205,Ōme,JPN.41.42_1,Shi,name_exact
JPM01,Tokyo (Kanto MMA),Tokyo-to Fuchu-shi,13206,Fuchū,JPN.41.10_1,Shi,name_exact
JPM01,Tokyo (Kanto MMA),Tokyo-to Akishima-shi,13207,Akishima,JPN.41.3_1,Shi,name_exact
JPM01,Tokyo (Kanto MMA),Tokyo-to Chofu-shi,13208,Chōfu,JPN.41.7_1,Shi,name_exact
JPM01,Tokyo (Kanto MMA),Tokyo-to Machida-shi,13209,Machida,JPN.41.31_1,Shi,name_exact
JPM01,Tokyo (Kanto MMA),Tokyo-to Koganei-shi,13210,Koganei,JPN.41.26_1,Shi,name_exact
JPM01,Tokyo (Kanto MMA),Tokyo-to Kodaira-shi,13211,Kodaira,JPN.41.25_1,Shi,name_exact
JPM01,Tokyo (Kanto MMA),Tokyo-to Hino-shi,13212,Hino,JPN.41.17_1,Shi,name_exact
JPM01,Tokyo (Kanto MMA),Tokyo-to Higashimurayama-shi,13213,Higashimurayama,JPN.41.15_1,Shi,name_exact
JPM01,Tokyo (Kanto MMA),Tokyo-to Kokubunji-shi,13214,Kokubunji,JPN.41.27_1,Shi,name_exact
JPM01,Tokyo (Kanto MMA),Tokyo-to Kunitachi-shi,13215,Kunitachi,JPN.41.30_1,Shi,name_exact
JPM01,Tokyo (Kanto MMA),Tokyo-to Fussa-shi,13218,Fussa,JPN.41.11_1,Shi,name_exact
JPM01,Tokyo (Kanto MMA),Tokyo-to Komae-shi,13219,Komae,JPN.41.28_1,Shi,name_exact
JPM01,Tokyo (Kanto MMA),Tokyo-to Higashiyamato-shi,13220,Higashiyamato,JPN.41.16_1,Shi,name_exact
JPM01,Tokyo (Kanto MMA),Tokyo-to Kiyose-shi,13221,Kiyose,JPN.41.24_1,Shi,name_exact
JPM01,Tokyo (Kanto MMA),Tokyo-to Higashikurume-shi,13222,Higashikurume,JPN.41.14_1,Shi,name_exact
JPM01,Tokyo (Kanto MMA),Tokyo-to Musashimurayama-shi,13223,Musashimurayama,JPN.41.36_1,Shi,name_exact
JPM01,Tokyo (Kanto MMA),Tokyo-to Tama-shi,13224,Tama,JPN.41.52_1,Shi,name_exact
JPM01,Tokyo (Kanto MMA),Tokyo-to Inagi-shi,13225,Inagi,JPN.41.20_1,Shi,name_exact
JPM01,Tokyo (Kanto MMA),Tokyo-to Hamura-shi,13227,Hamura,JPN.41.13_1,Shi,name_exact
JPM01,Tokyo (Kanto MMA),Tokyo-to Akiruno-shi,13228,Akiruno,JPN.41.2_1,Shi,name_exact
JPM01,Tokyo (Kanto MMA),Tokyo-to Nishitokyo-shi,13229,Nishitōkyō,JPN.41.40_1,Shi,name_exact
JPM01,Tokyo (Kanto MMA),Tokyo-to Mizuho-machi,13303,Mizuho,JPN.41.35_1,Machi,name_exact
JPM01,Tokyo (Kanto MMA),Tokyo-to Hinode-machi,13305,Hinode,JPN.41.18_1,Machi,name_exact
JPM01,Tokyo (Kanto MMA),Kanagawa-ken Yokohama-shi,14100,Yokohama,JPN.19.29_1,Shi,name_exact
JPM01,Tokyo (Kanto MMA),Kanagawa-ken Kawasaki-shi,14130,Kawasaki,JPN.19.14_1,Shi,name_exact
JPM01,Tokyo (Kanto MMA),Kanagawa-ken Sagamihara-shi,14150,Sagamihara,JPN.19.25_1,Shi,name_exact
JPM01,Tokyo (Kanto MMA),Kanagawa-ken Yokosuka-shi,14201,Yokosuka,JPN.19.30_1,Shi,name_exact
JPM01,Tokyo (Kanto MMA),Kanagawa-ken Hiratsuka-shi,14203,Hiratsuka,JPN.19.10_1,Shi,name_exact
JPM01,Tokyo (Kanto MMA),Kanagawa-ken Kamakura-shi,14204,Kamakura,JPN.19.13_1,Shi,name_exact
JPM01,Tokyo (Kanto MMA),Kanagawa-ken Fujisawa-shi,14205,Fujisawa,JPN.19.6_1,Shi,name_exact
JPM01,Tokyo (Kanto MMA),Kanagawa-ken Odawara-shi,14206,Odawara,JPN.19.22_1,Shi,name_exact
JPM01,Tokyo (Kanto MMA),Kanagawa-ken Chigasaki-shi,14207,Chigasaki,JPN.19.4_1,Shi,name_exact
JPM01,Tokyo (Kanto MMA),Kanagawa-ken Zushi-shi,14208,Zushi,JPN.19.33_1,Shi,name_exact
JPM01,Tokyo (Kanto MMA),Kanagawa-ken Miura-shi,14210,Miura,JPN.19.19_1,Shi,name_exact
JPM01,Tokyo (Kanto MMA),Kanagawa-ken Hadano-shi,14211,Hadano,JPN.19.7_1,Shi,name_exact
JPM01,Tokyo (Kanto MMA),Kanagawa-ken Atsugi-shi,14212,Atsugi,JPN.19.2_1,Shi,name_exact
JPM01,Tokyo (Kanto MMA),Kanagawa-ken Yamato-shi,14213,Yamato,JPN.19.28_1,Shi,name_exact
JPM01,Tokyo (Kanto MMA),Kanagawa-ken Isehara-shi,14214,Isehara,JPN.19.11_1,Shi,name_exact
JPM01,Tokyo (Kanto MMA),Kanagawa-ken Ebina-shi,14215,Ebina,JPN.19.5_1,Shi,name_exact
JPM01,Tokyo (Kanto MMA),Kanagawa-ken Zama-shi,14216,Zama,JPN.19.32_1,Shi,name_exact
JPM01,Tokyo (Kanto MMA),Kanagawa-ken Minamiashigara-shi,14217,Minamiashigara,JPN.19.18_1,Shi,name_exact
JPM01,Tokyo (Kanto MMA),Kanagawa-ken Ayase-shi,14218,Ayase,JPN.19.3_1,Shi,name_exact
JPM01,Tokyo (Kanto MMA),Kanagawa-ken Hayama-machi,14301,Hayama,JPN.19.9_1,Machi,name_exact
JPM01,Tokyo (Kanto MMA),Kanagawa-ken Samukawa-machi,14321,Samukawa,JPN.19.26_1,Machi,name_exact
JPM01,Tokyo (Kanto MMA),Kanagawa-ken Oiso-machi,14341,Ōiso,JPN.19.24_1,Machi,name_exact
JPM01,Tokyo (Kanto MMA),Kanagawa-ken Ninomiya-machi,14342,Ninomiya,JPN.19.21_1,Machi,name_exact
JPM01,Tokyo (Kanto MMA),Kanagawa-ken Nakai-machi,14361,Nakai,JPN.19.20_1,Machi,name_exact
JPM01,Tokyo (Kanto MMA),Kanagawa-ken Oi-machi,14362,Ōi,JPN.19.23_1,Machi,name_exact
JPM01,Tokyo (Kanto MMA),Kanagawa-ken Matsuda-machi,14363,Matsuda,JPN.19.17_1,Machi,name_exact
JPM01,Tokyo (Kanto MMA),Kanagawa-ken Yamakita-machi,14364,Yamakita,JPN.19.27_1,Machi,name_exact
JPM01,Tokyo (Kanto MMA),Kanagawa-ken Kaisei-machi,14366,Kaisei,JPN.19.12_1,Machi,name_exact
JPM01,Tokyo (Kanto MMA),Kanagawa-ken Manazuru-machi,14383,Manazuru,JPN.19.16_1,Machi,name_exact
JPM01,Tokyo (Kanto MMA),Kanagawa-ken Yugawara-machi,14384,Yugawara,JPN.19.31_1,Machi,name_exact
JPM01,Tokyo (Kanto MMA),Kanagawa-ken Aikawa-machi,14401,Aikawa,JPN.19.1_1,Machi,name_exact
JPM01,Tokyo (Kanto MMA),Kanagawa-ken Kiyokawa-mura,14402,Kiyokawa,JPN.19.15_1,Machi,name_exact
JPM01,Tokyo (Kanto MMA),Yamanashi-ken Otsuki-shi,19206,Ōtsuki,JPN.47.22_1,Shi,name_exact
JPM01,Tokyo (Kanto MMA),Yamanashi-ken Uenohara-shi,19212,Uenohara,JPN.47.26_1,Shi,name_exact
JPM01,Tokyo (Kanto MMA),Yamanashi-ken Doshi-mura,19422,Dōshi,JPN.47.2_1,Mura,name_exact
JPM01,Tokyo (Kanto MMA),Shizuoka-ken Atami-shi,22205,Atami,JPN.38.2_1,Shi,name_exact
