metro_id,metro_name,n_members,n_matched,n_missing,n_prefs,prefs,geom_type,n_parts,n_holes,hole_area_km2,is_valid,is_empty,area_km2_epsg6933,dup_gid
JPM01,Tokyo (Kanto MMA),215,215,0,9,Chiba、Gunma、Ibaraki、Kanagawa、Saitama、Shizuoka、Tochigi、Tokyo、Yamanashi,MultiPolygon,33,670,156.1,True,False,13008.5,0
JPM02,Osaka-Kyoto (Keihanshin MMA),135,135,0,7,Hyōgo、Kyoto、Mie、Nara、Osaka、Shiga、Wakayama,MultiPolygon,42,362,9.8,True,False,12640.6,0
JPM03,Nagoya (Chukyo MMA),85,83,2,3,Aichi、Gifu、Mie,MultiPolygon,15,198,35.3,True,False,7002.7,0
JPM04,Kitakyushu-Fukuoka MMA,64,63,1,3,Fukuoka、Saga、Yamaguchi,MultiPolygon,43,126,4.3,True,False,5534.8,0
JPM05,Sendai MMA,32,32,0,2,Fukushima、Miyagi,MultiPolygon,40,102,3.6,True,False,6459.9,0
JPM06,Sapporo MMA,14,14,0,1,Hokkaido,Polygon,1,37,1.1,True,False,5020.6,0
JPM07,Hiroshima MMA,15,15,0,2,Hiroshima、Yamaguchi,MultiPolygon,55,69,1.6,True,False,5044.8,0
JPM08,Okayama MMA,17,17,0,1,Okayama,MultiPolygon,64,94,2.4,True,False,3592.8,0
JPM09,Shizuoka-Hamamatsu MMA,17,17,0,3,Aichi、Shizuoka、Yamanashi,MultiPolygon,6,33,53.2,True,False,5011.0,0
JPM10,Niigata MMA,15,15,0,1,Niigata,Polygon,1,57,2.4,True,False,5362.6,0
JPM11,Kumamoto MMA,26,26,0,1,Kumamoto,MultiPolygon,29,72,132.1,True,False,4172.1,0
JPM12,Kagoshima MA,11,11,0,1,Kagoshima,MultiPolygon,29,22,86.0,True,False,3367.1,0
JPM13,Matsuyama MA,8,8,0,1,Ehime,MultiPolygon,19,37,0.9,True,False,2285.9,0
JPM14,Utsunomiya MA,21,21,0,1,Tochigi,Polygon,1,105,65.1,True,False,5194.9,0
